Season	RaceOrder	Mode	Time	English	Finished
BMW Z4	1	Classic	60	Future Road	1
BMW Z4	2	Classic	90	Downtown Rise	1
BMW Z4	3	Classic	60	City Dash	1
BMW Z4	4	Classic	30	Double Roundabout	1
BMW Z4	5	Classic	60	Reach for the Sky	1
BMW Z4	6	Classic	30	Paris of the East	1
BMW Z4	7	Classic	60	Waterside	1
BMW Z4	8	Classic	90	Pudong Rise	1
Camaro	1	Classic	30	Railroad Bustle	1
Camaro	2	Classic	30	Double Roundabout	1
Camaro	3	Classic	30	Ghost Ships	1
Camaro	4	Classic	30	Leap of Faith	1
Camaro	5	Classic	60	City Dash	1
Camaro	6	Classic	60	Landslide	1
Camaro	7	Classic	60	Lighthouse	1
Camaro	8	Classic	90	Pudong Rise	1
Camaro	9	Classic	90	The Cave	1
Camaro	10	Classic	90	Streets of San Francisco 	1
Camaro	11	Classic	30	Paris of the East	1
Camaro	12	Classic	30	Rocky Valley	1
Camaro	13	Classic	60	City Dash	1
Camaro	14	Classic	90	The Cave	1
Camaro	15	Classic	90	Dipping Down	1
Class C Novice	1	Classic	90	The City by the Bay	1
Class C Novice	2	Classic	90	Pudong Rise	1
Class C Novice	3	Hunted	120	The Land of Snow	1
Class C Novice	4	Classic	90	The Pearl of the Orient	1
Class C Novice	5	Classic	60	Future Road	1
Class C Novice	6	Classic	30	Double Roundabout	1
Class C Novice	7	Time Attack	90	The Path of The Wind	1
Class C Novice	8	Classic	30	Freefall	1
Class C Novice	9	Classic	60	Lighthouse	1
Class C Novice	10	Classic	90	The Pearl of the Orient	1
Class C Novice	11	Classic	90	Frozen Route	1
Class C Novice	12	Classic	30	The Tunnel	1
Class C Novice	13	Classic	60	Snow Vault	1
Class C Novice	14	Classic	90	Roller Coaster Ride	1
Class D Novice	1	Classic	30	Rocky Valley	1
Class D Novice	2	Time Attack	90	Cliffhanger	1
Class D Novice	3	Classic	60	Reach for the Sky	1
Class D Novice	4	Classic	60	Landslide	1
Class D Novice	5	Classic	90	Downtown Rise	1
Class D Novice	6	Classic	60	Waterside	1
Class D Novice	7	Classic	90	Ancient Ruins	1
Class D Novice	8	Classic	90	Dipping Down	1
Class D Novice	9	Classic	90	The Path of The Wind	1
Class D Novice	10	Classic	120	The Land of Snow	1
Class D Rookie	1	Classic	90	Urban Blaze	1
Class D Rookie	2	Classic	30	Double Roundabout	1
Class D Rookie	3	Classic	90	The Cave	1
Class D Rookie	4	Classic	30	A Kings Revival	1
Class D Rookie	5	Classic	60	Subterranean Dash	1
Class D Rookie	6	Classic	90	Streets of San Francisco 	1
Class D Rookie	7	Classic	60	Lighthouse	1
Class D Rookie	8	Classic	90	Nanjing Stroll	1
Class D Rookie	9	Classic	30	Paris of the East	1
Class D Rookie	10	Hunted	120	Scenic Route	1
Class D Rookie	11	Classic	60	Cairo Tower Finish	1
Class D Rookie	12	Classic	90	The Pearl of the Orient	1
Escape	1	Classic	60	Waterside	1
Escape	2	Hunted	120	Bridge Finale	1
Escape	3	Hunted	120	US Wilderness	1
Escape	4	Classic	60	Tiber Cross	1
Escape	5	Hunted	120	Complete Tour	1
Escape	6	Hunted	120	The Freedom Route	1
Exclusive Challenge Asia	1	Classic	60	Future Road	1
Exclusive Challenge Asia	2	Classic	30	Leap of Faith	1
Exclusive Challenge Asia	3	Classic	30	Paris of the East	1
Exclusive Challenge Asia	4	Time Attack	90	Nanjing Stroll	1
Exclusive Challenge Asia	5	Classic	90	Mountain Poles	1
Exclusive Challenge Asia	6	Classic	90	Frozen Route	1
Exclusive Challenge Asia	7	Classic	30	Double Roundabout	1
Exclusive Challenge Asia	8	Classic	90	Dipping Down	1
Exclusive Challenge Asia	9	Classic	60	Landslide	1
Exclusive Challenge Asia	10	Classic	120	Shopping Spree	1
Gearheads	1	Classic	60	The Enchanted Island	1
Gearheads	2	Classic	30	Ghost Ships	1
Gearheads	3	Classic	90	Ancient Ruins	1
Gearheads	4	Classic	30	The Tunnel	1
Gearheads	5	Time Attack	90	Downtown Rise	1
Gearheads	6	Classic	90	Roller Coaster Ride	1
Gearheads	7	Classic	60	Lighthouse	1
Gearheads	8	Classic	30	Rocky Valley	1
Gearheads	9	Classic	90	The Path of The Wind	1
Gearheads	10	Classic	120	The Windmills	1
Legendary Start	1	Classic	60	City Dash	1
Legendary Start	2	Classic	60	Waterside	1
Legendary Start	3	Classic	30	Freefall	1
Legendary Start	4	Classic	60	Snow Vault	1
Legendary Start	5	Classic	60	Landslide	1
Legendary Start	6	Classic	90	The City by the Bay	1
Pure Muscle Car	1	Classic	30	Railroad Bustle	1
Pure Muscle Car	2	Classic	90	Ancient Ruins	1
Pure Muscle Car	3	Classic	60	The Enchanted Island	1
Pure Muscle Car	4	Classic	30	Paris of the East	1
Pure Muscle Car	5	Classic	60	Waterside	1
Pure Muscle Car	6	Classic	90	Roller Coaster Ride	1
Pure Muscle Car	7	Classic	60	Snow Vault	1
Pure Muscle Car	8	Classic	90	Pudong Rise	1
Pure Muscle Car	9	Time Attack	90	Roller Coaster Ride	1
Pure Muscle Car	10	Classic	90	Cliffhanger	1
The Heart of Kansai	1	Classic	30	Meiji Rush	1
The Heart of Kansai	2	Classic	90	Budding Start	1
The Heart of Kansai	3	Cops	60	Sakura Castle	1
The Heart of Kansai	4	Classic	90	Industrial Revolution	1
The Heart of Kansai	5	Classic	60	Rat Race	1
The Heart of Kansai	6	Classic	90	Naniwa Tour	1
American Blaze	1	Classic	90	Canyon Launch	1
American Blaze	2	Classic	90	The City by the Bay	1
American Blaze	3	Classic	90	Gold Rush	1
American Blaze	4	Classic	90	Roller Coaster Ride	1
American Blaze	5	Classic	120	Navajo Nation	1
American Blaze	6	Classic	90	Streets of San Francisco 	1
American Blaze	7	Classic	60	Rolling Motorway	1
American Blaze	8	Classic	30	The Tunnel	1
American Blaze	9	Classic	30	Its a Twister	1
American Blaze	10	Classic	30	Trainspotter	1
American Blaze	11	Classic	60	Waterside	1
American Blaze	12	Classic	90	Whirlwind Curve	1
American Blaze	13	Classic	60	City Dash	1
American Blaze	14	Classic	90	Transcontinental Race	1
American Blaze	15	Time Attack	90	Whirlwind Curve	1
American Most Wanted	1	Classic	60	Time Travel	1
American Most Wanted	2	Classic	90	Canyon Launch	1
American Most Wanted	3	Classic	120	Navajo Nation	1
American Most Wanted	4	Hunted	120	US Wilderness	1
American Most Wanted	5	Classic	30	The Tunnel	1
American Most Wanted	6	Classic	60	Waterside	1
American Most Wanted	7	Hunted	120	Bridge Finale	1
Class B Novice	1	Classic	90	Ancient Ruins	1
Class B Novice	2	Classic	90	The Eternal City	1
Class B Novice	3	Classic	90	Saint Peter Kickoff	1
Class B Novice	4	Classic	90	The Path of The Wind	1
Class B Novice	5	Time Attack	90	Transcontinental Race	1
Class B Novice	6	Classic	90	The City by the Bay	1
Class B Novice	7	Classic	90	Wildlands	1
Class B Novice	8	Classic	30	The Tunnel	1
Class B Novice	9	Classic	90	Downtown Rise	1
Class B Novice	10	Classic	90	Urban Blaze	1
Class B Novice	11	Classic	90	Thousand Minarets	1
Class B Novice	12	Classic	90	Cliffhanger	1
Class B Novice	13	Classic	90	Dipping Down	1
Class B Rookie	1	Classic	90	Shen City	1
Class B Rookie	2	Classic	90	The Eternal City	1
Class B Rookie	3	Classic	90	Urban Blaze	1
Class B Rookie	4	Classic	60	Bread and Circuses	1
Class B Rookie	5	Classic	90	Dipping Down	1
Class B Rookie	6	Classic	60	Cairo Tower Finish	1
Class B Rookie	7	Classic	90	Saint Peter Kickoff	1
Class B Rookie	8	Time Attack	90	Thousand Minarets	1
Class B Rookie	9	Classic	90	Capital of the World	1
Class B Rookie	10	Classic	60	Reach for the Sky	1
Class B Rookie	11	Classic	90	Tiber Stream	1
Class B Rookie	12	Classic	90	Downtown Rise	1
Class C Pro	1	Classic	90	Capital of the World	1
Class C Pro	2	Classic	90	Wildlands	1
Class C Pro	3	Classic	60	Bread and Circuses	1
Class C Pro	4	Classic	90	Transcontinental Race	1
Class C Pro	5	Classic	30	Roman Byroads	1
Class C Pro	6	Classic	90	Downtown Rise	1
Class C Pro	7	Time Attack	90	The Pearl of the Orient	1
Class C Pro	8	Classic	30	Roman Tumble	1
Class C Pro	9	Classic	90	Ancient Wonders	1
Class C Pro	10	Classic	60	Tiber Cross	1
Class C Pro	11	Classic	90	Wildlands	1
Class C Pro	12	Hunted	120	People Square Dash	1
Class C Rookie	1	Classic	90	Thousand Minarets	1
Class C Rookie	2	Classic	90	The Pearl of the Orient	1
Class C Rookie	3	Classic	90	Ancient Wonders	1
Class C Rookie	4	Classic	90	Streets of San Francisco 	1
Class C Rookie	5	Time Attack	90	The Eternal City	1
Class C Rookie	6	Classic	120	Pharaoh Games	1
Class C Rookie	7	Classic	90	Gold Rush	1
Class C Rookie	8	Classic	60	Cairo Tower Finish	1
Class C Rookie	9	Classic	60	Bread and Circuses	1
Class C Rookie	10	Classic	30	A Kings Revival	1
Class C Rookie	11	Classic	90	Cliffhanger	1
Class C Rookie	12	Classic	90	Shen City	1
Class C Rookie	13	Classic	90	Mountain Poles	1
Class C Rookie	14	Classic	90	Capital of the World	1
Class C Rookie	15	Classic	120	The Land of Snow	1
Class D Elite	1	Classic	90	Frozen Route	1
Class D Elite	2	Classic	90	Nanjing Stroll	1
Class D Elite	3	Time Attack	90	Frozen Route	1
Class D Elite	4	Classic	90	The Pearl of the Orient	1
Class D Elite	5	Classic	90	The City by the Bay	1
Class D Elite	6	Classic	90	Whirlwind Curve	1
Class D Elite	7	Classic	90	Thousand Minarets	1
Class D Elite	8	Classic	30	Its a Twister	1
Class D Elite	9	Classic	90	Ancient Wonders	1
Class D Elite	10	Classic	90	Pudong Rise	1
Class D Elite	11	Classic	90	Downtown Rise	1
Class D Elite	12	Classic	90	The Eternal City	1
Class D Elite	13	Classic	120	Alternate Route	1
Class D Pro	1	Classic	30	Gezira Island	1
Class D Pro	2	Classic	30	Double Roundabout	1
Class D Pro	3	Classic	90	The Cave	1
Class D Pro	4	Classic	30	A Kings Revival	1
Class D Pro	5	Classic	60	Subterranean Dash	1
Class D Pro	6	Time Attack	90	Ancient Wonders	1
Class D Pro	7	Classic	60	Subterranean Dash	1
Class D Pro	8	Classic	90	Nanjing Stroll	1
Class D Pro	9	Classic	30	Paris of the East	1
Class D Pro	10	Classic	90	Thousand Minarets	1
Class D Pro	11	Classic	90	Urban Blaze	1
Class D Pro	12	Classic	120	People Square Dash	1
Full Throttle Season	1	Classic	90	Desert Life	1
Full Throttle Season	2	Classic	90	Quantum Jumps	1
Full Throttle Season	3	Classic	90	Dam Buster	1
Full Throttle Season	4	Hunted	120	The Narrows	1
Full Throttle Season	5	Classic	90	Shen City	1
Full Throttle Season	6	Classic	30	Bridge to Bridge	1
Full Throttle Season	7	Classic	120	Asphalt Cave	1
Full Throttle Season	8	Classic	90	Leaps & Bounds	1
Full Throttle Season	9	Classic	90	Desert Run	1
Full Throttle Season	10	Time Attack	90	Desert Drift	1
Full Throttle Season	11	Classic	120	Sprint Finish	1
Green Machines	1	Classic	90	Ancient Ruins	1
Green Machines	2	Classic	90	Canyon Launch	1
Green Machines	3	Classic	90	Cliffhanger	1
Green Machines	4	Classic	60	Time Travel	1
Green Machines	5	Classic	90	Ancient Ruins	1
Green Machines	6	Hunted	120	The Freedom Route	1
Green Machines	7	Classic	30	Its a Twister	1
Green Machines	8	Classic	30	Trainspotter	1
Green Machines	9	Classic	90	Cliffhanger	1
Green Machines	10	Classic	60	Rolling Motorway	1
Green Machines	11	Classic	90	The Path of The Wind	1
Green Machines	12	Classic	90	Whirlwind Curve	1
Green Machines	13	Classic	30	Freefall	1
Green Machines	14	Classic	120	Navajo Nation	1
Heatwave	1	Hunted	120	Scenic Route	1
Heatwave	2	Classic	90	Paradise Resort	1
Heatwave	3	Time Attack	90	Desert Drift	1
Heatwave	4	Classic	90	Auckland Track	1
Heatwave	5	Classic	30	Straight Sprint	1
Heatwave	6	Classic	90	Industrial Run	1
Heatwave	7	Classic	120	The Circuit	1
Heatwave	8	Time Attack	90	Downtown Rise	1
Heatwave	9	Classic	90	Ancient Wonders	1
Heatwave	10	Time Attack	90	Straights & Hairpins	1
Stars & Stripes	1	Classic	90	Uptown	1
Stars & Stripes	2	Classic	90	The City that Never Sleeps	1
Stars & Stripes	3	Classic	90	Leaps & Bounds	1
Stars & Stripes	4	Classic	30	Trainspotter	1
Stars & Stripes	5	Classic	90	Airdropped	1
Stars & Stripes	6	Classic	90	Subway Surfing	1
Stars & Stripes	7	Classic	120	Sightseeing	1
Stars & Stripes	8	Classic	30	A Run in the Park	1
Stars & Stripes	9	Classic	120	Bridge Finale	1
Stars & Stripes	10	Classic	120	Navajo Nation	1
Stars & Stripes	11	Classic	30	Wall Street Ride	1
Stars & Stripes	12	Classic	90	Quantum Jumps	1
Stars & Stripes	13	Classic	60	Zeppelin Race	1
Ultimate Muscle	1	Classic	30	Its a Twister	1
Ultimate Muscle	2	Classic	30	Trainspotter	1
Ultimate Muscle	3	Classic	60	Rolling Motorway	1
Ultimate Muscle	4	Classic	90	Transcontinental Race	1
Ultimate Muscle	5	Hunted	120	Bridge Finale	1
Ultimate Muscle	6	Classic	30	Its a Twister	1
Ultimate Muscle	7	Classic	60	Waterside	1
Ultimate Muscle	8	Classic	90	Canyon Launch	1
Ultimate Muscle	9	Classic	90	Whirlwind Curve	1
Ultimate Muscle	10	Classic	90	Streets of San Francisco 	1
Ultimate Muscle	11	Classic	60	Rolling Motorway	1
Ultimate Muscle	12	Classic	90	Gold Rush	1
Volkswagen XL Sport	1	Classic	30	Freefall	1
Volkswagen XL Sport	2	Classic	60	Future Road	1
Volkswagen XL Sport	3	Classic	90	The City by the Bay	1
Volkswagen XL Sport	4	Classic	90	Canyon Launch	1
Volkswagen XL Sport	5	Classic	120	Scenic Route	1
Volkswagen XL Sport	6	Classic	60	The Enchanted Island	1
Volkswagen XL Sport	7	Classic	120	US Wilderness	1
Volkswagen XL Sport	8	Classic	30	Roman Tumble	1
Volkswagen XL Sport	9	Classic	120	Complete Tour	1
Volkswagen XL Sport	10	Classic	120	The Freedom Route	1
American Extreme	1	Classic	90	The City by the Bay	1
American Extreme	2	Classic	90	Downtown Rise	1
American Extreme	3	Classic	90	Roller Coaster Ride	1
American Extreme	4	Classic	90	Streets of San Francisco 	1
American Extreme	5	Classic	120	Bridge Finale	1
American Extreme	6	Classic	60	Waterside	1
American Extreme	7	Classic	90	Transcontinental Race	1
American Extreme	8	Classic	90	Whirlwind Curve	1
American Extreme	9	Classic	90	Canyon Launch	1
American Extreme	10	Classic	120	Navajo Nation	1
American Extreme	11	Classic	90	Gold Rush	1
American Extreme	12	Classic	60	Rolling Motorway	1
American Extreme	13	Classic	60	Time Travel	1
American Extreme	14	Classic	90	Canyon Launch	1
American Extreme	15	Classic	30	The Tunnel	1
American Extreme	16	Classic	120	Bridge View	1
American Extreme	17	Time Attack	90	Roller Coaster Ride	1
American Extreme	18	Classic	120	US Wilderness	1
Aston Martin	1	Classic	30	Ghost Ships	1
Aston Martin	2	Classic	60	The Enchanted Island	1
Aston Martin	3	Classic	90	Ancient Ruins	1
Aston Martin	4	Classic	120	The Windmills	1
Aston Martin	5	Classic	30	Rocky Valley	1
Aston Martin	6	Classic	60	Lighthouse	1
Aston Martin	7	Classic	90	The Path of The Wind	1
Aston Martin	8	Classic	90	The Cave	1
Aston Martin	9	Classic	90	Wildlands	1
Aston Martin	10	Time Attack	90	Saint Peter Kickoff	1
Aston Martin	11	Classic	30	Ghost Ships	1
Aston Martin	12	Classic	120	The Freedom Route	1
BMW	1	Classic	30	Ghost Ships	1
BMW	2	Classic	90	Transcontinental Race	1
BMW	3	Classic	30	The Tunnel	1
BMW	4	Classic	90	Pudong Rise	1
BMW	5	Classic	90	Roller Coaster Ride	1
BMW	6	Classic	90	Mountain Poles	1
BMW	7	Time Attack	90	The Path of The Wind	1
BMW	8	Classic	90	Thousand Minarets	1
BMW	9	Classic	90	Canyon Launch	1
BMW	10	Classic	90	Whirlwind Curve	1
BMW	11	Classic	90	Gold Rush	1
BMW	12	Classic	60	Lighthouse	1
BMW	13	Classic	90	Downtown Rise	1
BMW	14	Classic	30	Railroad Bustle	1
BMW	15	Classic	120	US Wilderness	1
BMW	16	Classic	30	Gezira Island	1
BMW	17	Classic	120	Navajo Nation	1
BMW	18	Classic	30	A Kings Revival	1
BMW	19	Classic	30	Its a Twister	1
BMW	20	Classic	30	Trainspotter	1
BMW	21	Classic	90	Capital of the World	1
BMW	22	Classic	60	Rolling Motorway	1
British Season	1	Hunted	120	The Freedom Route	1
British Season	2	Classic	30	Rocky Valley	1
British Season	3	Time Attack	90	Quantum Jumps	1
British Season	4	Classic	90	The Path of The Wind	1
British Season	5	Classic	30	Trainspotter	1
British Season	6	Classic	90	Ancient Ruins	1
British Season	7	Time Attack	90	Wildlands	1
British Season	8	Classic	60	Snow Vault	1
British Season	9	Classic	60	Lighthouse	1
British Season	10	Classic	30	Ghost Ships	1
British Season	11	Classic	120	The Windmills	1
British Season	12	Classic	90	The Cave	1
Class C Elite	1	Time Attack	90	Downtown Rise	1
Class C Elite	2	Classic	90	Urban Blaze	1
Class C Elite	3	Classic	90	Ancient Wonders	1
Class C Elite	4	Classic	90	Nile River	1
Class C Elite	5	Classic	90	Dipping Down	1
Class C Elite	6	Classic	90	Mountain Poles	1
Class C Elite	7	Classic	30	Leap of Faith	1
Class C Elite	8	Classic	90	Tiber Stream	1
Class C Elite	9	Classic	90	Capital of the World	1
Class C Elite	10	Classic	90	Roller Coaster Ride	1
Class C Elite	11	Classic	90	Wildlands	1
Class C Elite	12	Classic	90	Shen City	1
Class C Elite	13	Classic	120	Shopping Spree	1
Class C Elite	14	Classic	30	Paris of the East	1
Class C Elite	15	Classic	30	Trainspotter	1
Class D Master	1	Classic	90	Nile River	1
Class D Master	2	Classic	90	The Eternal City	1
Class D Master	3	Classic	60	Future Road	1
Class D Master	4	Classic	30	Roman Tumble	1
Class D Master	5	Time Attack	90	Thousand Minarets	1
Class D Master	6	Classic	90	Cliffhanger	1
Class D Master	7	Classic	90	The Eternal City	1
Class D Master	8	Classic	60	Tiber Cross	1
Class D Master	9	Classic	90	The City by the Bay	1
Class D Master	10	Classic	90	Wildlands	1
Class D Master	11	Classic	90	Transcontinental Race	1
Class D Master	12	Classic	90	Ancient Wonders	1
Class D Master	13	Classic	90	Saint Peter Kickoff	1
Class D Master	14	Classic	90	Shen City	1
Class D Master	15	Classic	120	Asphalt Cave	1
Dodge	1	Classic	90	Transcontinental Race	1
Dodge	2	Classic	90	Gold Rush	1
Dodge	3	Classic	90	Canyon Launch	1
Dodge	4	Classic	60	Time Travel	1
Dodge	5	Classic	30	Trainspotter	1
Dodge	6	Classic	60	Rolling Motorway	1
Dodge	7	Classic	90	Canyon Launch	1
Dodge	8	Classic	120	US Wilderness	1
Dodge	9	Classic	90	Whirlwind Curve	1
Dodge	10	Classic	120	Navajo Nation	1
Dodge	11	Classic	90	Nile River	1
Dodge	12	Classic	90	Ancient Wonders	1
Dodge	13	Classic	90	Urban Blaze	1
Dodge	14	Time Attack	90	Ancient Wonders	1
Dodge	15	Classic	30	A Kings Revival	1
Dodge	16	Classic	60	Subterranean Dash	1
Dodge	17	Classic	60	Cairo Tower Finish	1
Dodge	18	Classic	120	Scenic Route	1
Eastern Getaway	1	Classic	30	Paris of the East	1
Eastern Getaway	2	Classic	60	Future Road	1
Eastern Getaway	3	Hunted	120	People Square Dash	1
Eastern Getaway	4	Hunted	120	The Land of Snow	1
Eastern Getaway	5	Classic	30	Freefall	1
Eastern Getaway	6	Hunted	120	The Land of Snow	1
Eastern Getaway	7	Hunted	120	People Square Dash	1
Euro Rebels	1	Classic	30	Roman Byroads	1
Euro Rebels	2	Classic	90	Saint Peter Kickoff	1
Euro Rebels	3	Classic	90	The Path of The Wind	1
Euro Rebels	4	Classic	90	The Cave	1
Euro Rebels	5	Classic	120	The Freedom Route	1
Euro Rebels	6	Classic	30	Roman Byroads	1
Euro Rebels	7	Hunted	120	Complete Tour	1
Euro Rebels	8	Classic	60	The Enchanted Island	1
Euro Rebels	9	Classic	60	Lighthouse	1
Euro Rebels	10	Classic	120	Navajo Nation	1
Euro Rebels	11	Classic	30	The Tunnel	1
Euro Rebels	12	Classic	90	Transcontinental Race	1
Euro Rebels	13	Classic	90	Whirlwind Curve	1
Euro Rebels	14	Classic	90	Canyon Launch	1
Euro Rebels	15	Classic	30	Ghost Ships	1
Euro Rebels	16	Classic	90	Capital of the World	1
Euro Rebels	17	Classic	90	Tiber Stream	1
Euro Rebels	18	Classic	120	Complete Tour	1
Euro Tracks	1	Classic	90	The Eternal City	1
Euro Tracks	2	Classic	90	Ancient Ruins	1
Euro Tracks	3	Classic	90	Saint Peter Kickoff	1
Euro Tracks	4	Classic	90	Capital of the World	1
Euro Tracks	5	Classic	120	The Windmills	1
Euro Tracks	6	Time Attack	90	Wildlands	1
Euro Tracks	7	Classic	60	Bread and Circuses	1
Euro Tracks	8	Classic	60	Lighthouse	1
Euro Tracks	9	Classic	30	Roman Byroads	1
Euro Tracks	10	Classic	90	The Cave	1
Euro Tracks	11	Classic	90	Tiber Stream	1
Euro Tracks	12	Classic	90	The Path of The Wind	1
European Season	1	Hunted	120	The Freedom Route	1
European Season	2	Classic	90	Tiber Stream	1
European Season	3	Classic	30	Roman Byroads	1
European Season	4	Classic	90	Ancient Ruins	1
European Season	5	Classic	90	Desert Drift	1
European Season	6	Time Attack	90	Uptown	1
European Season	7	Classic	90	Kita Run	1
European Season	8	Classic	90	Paradise Resort	1
European Season	9	Time Attack	90	Downtown Rise	1
European Season	10	Hunted	120	Complete Tour	1
European Season	11	Classic	90	The Cave	1
Fire & Lightning	1	Classic	30	Hell Vale	1
Fire & Lightning	2	Classic	90	Nanjing Stroll	1
Fire & Lightning	3	Classic	60	Hairpin Sprint	1
Fire & Lightning	4	Classic	60	Lighthouse	1
Fire & Lightning	5	Classic	90	Industrial Revolution	1
Fire & Lightning	6	Hunted	120	Scenic Route	1
Fire & Lightning	7	Classic	90	Quantum Jumps	1
Fire & Lightning	8	Classic	90	Wildlands	1
Fire & Lightning	9	Classic	30	Its a Twister	1
Fire & Lightning	10	Classic	30	Freefall	1
Fire & Lightning	11	Time Attack	90	Refined Finish	1
Ford	1	Classic	90	Saint Peter Kickoff	1
Ford	2	Classic	30	Trainspotter	1
Ford	3	Classic	90	The Pearl of the Orient	1
Ford	4	Classic	90	Pudong Rise	1
Ford	5	Classic	30	Paris of the East	1
Ford	6	Classic	60	Lighthouse	1
Ford	7	Classic	90	Wildlands	1
Ford	8	Classic	90	The Path of The Wind	1
Ford	9	Hunted	120	The Freedom Route	1
Ford	10	Classic	60	Waterside	1
Ford	11	Classic	90	Streets of San Francisco 	1
Ford	12	Classic	90	Downtown Rise	1
Ford	13	Classic	90	The City by the Bay	1
Ford	14	Classic	90	Frozen Route	1
Ford	15	Classic	30	Leap of Faith	1
From North to South	1	Classic	60	Lighthouse	1
From North to South	2	Hunted	120	The Freedom Route	1
From North to South	3	Hunted	120	Complete Tour	1
From North to South	4	Classic	30	A Kings Revival	1
From North to South	5	Hunted	120	Scenic Route	1
From North to South	6	Classic	60	Cairo Tower Finish	1
From North to South	7	Hunted	120	Scenic Route	1
Future Fast	1	Classic	90	The City by the Bay	1
Future Fast	2	Classic	90	Saint Peter Kickoff	1
Future Fast	3	Time Attack	90	Nanjing Stroll	1
Future Fast	4	Classic	90	Dipping Down	1
Future Fast	5	Classic	120	Bridge Finale	1
Future Fast	6	Classic	30	Double Roundabout	1
Future Fast	7	Classic	90	Nanjing Stroll	1
Future Fast	8	Classic	60	Reach for the Sky	1
Future Fast	9	Classic	60	City Dash	1
Future Fast	10	Classic	120	Navajo Nation	1
Future Fast	11	Classic	90	Shen City	1
Future Fast	12	Classic	90	Transcontinental Race	1
Future Fast	13	Classic	90	Whirlwind Curve	1
Future Fast	14	Classic	90	Canyon Launch	1
Future Fast	15	Classic	30	Ghost Ships	1
Future Fast	16	Classic	90	Capital of the World	1
German Wheels	1	Classic	30	Trainspotter	1
German Wheels	2	Classic	30	Roman Byroads	1
German Wheels	3	Classic	60	Future Road	1
German Wheels	4	Classic	90	Urban Blaze	1
German Wheels	5	Classic	60	Bread and Circuses	1
German Wheels	6	Classic	60	Time Travel	1
German Wheels	7	Classic	90	The Eternal City	1
German Wheels	8	Classic	30	Roman Tumble	1
German Wheels	9	Classic	60	Tiber Cross	1
German Wheels	10	Hunted	120	US Wilderness	1
German Wheels	11	Classic	90	Nile River	1
German Wheels	12	Classic	90	Tiber Stream	1
German Wheels	13	Time Attack	90	Wildlands	1
German Wheels	14	Classic	90	Saint Peter Kickoff	1
German Wheels	15	Classic	120	The Windmills	1
Lotus	1	Classic	90	Rush Minute	1
Lotus	2	Classic	60	The Enchanted Island	1
Lotus	3	Hunted	120	People Square Dash	1
Lotus	4	Classic	30	Gezira Island	1
Lotus	5	Classic	60	Landslide	1
Lotus	6	Classic	90	Tunnel Jam	1
Lotus	7	Classic	60	Reach for the Sky	1
Lotus	8	Time Attack	90	Transcontinental Race	1
Lotus	9	Classic	60	City Dash	1
Lotus	10	Classic	60	Snow Vault	1
Lotus	11	Classic	90	Rush Minute	1
Lotus	12	Classic	60	Reach for the Sky	1
Lotus	13	Classic	60	The Enchanted Island	1
Lotus	14	Hunted	120	The Freedom Route	1
Lotus	15	Classic	120	Alternate Route	1
Lotus	16	Classic	60	Rolling Motorway	1
Lotus	17	Classic	90	Tunnel Jam	1
Lotus	18	Classic	60	Time Travel	1
Lotus	19	Hunted	120	The Land of Snow	1
Lotus	20	Classic	120	Bridge Finale	1
Mercedes	1	Classic	90	Pantheon Split	1
Mercedes	2	Classic	90	Downhill Run	1
Mercedes	3	Classic	90	Tunnel Jam	1
Mercedes	4	Cops	90	Pantheon Split	1
Mercedes	5	Classic	90	Ancient Rome	1
Mercedes	6	Classic	90	Cave Heat	1
Mercedes	7	Time Attack	90	Wildlands	1
Mercedes	8	Classic	90	Rush Minute	1
Mercedes	9	Classic	60	Snow Vault	1
Mercedes	10	Hunted	120	People Square Dash	1
Mercedes	11	Classic	120	US Wilderness	1
Mercedes	12	Cops	90	Ancient Rome	1
Super Cars 1 - The Beginning	1	Classic	90	Tiber Stream	1
Super Cars 1 - The Beginning	2	Classic	90	Shen City	1
Super Cars 1 - The Beginning	3	Time Attack	90	Frozen Route	1
Super Cars 1 - The Beginning	4	Classic	90	Dipping Down	1
Super Cars 1 - The Beginning	5	Classic	60	Bread and Circuses	1
Super Cars 1 - The Beginning	6	Classic	60	Future Road	1
Super Cars 1 - The Beginning	7	Classic	90	Nile River	1
Super Cars 1 - The Beginning	8	Classic	90	Capital of the World	1
Super Cars 1 - The Beginning	9	Classic	90	Downtown Rise	1
Super Cars 1 - The Beginning	10	Classic	60	Reach for the Sky	1
Super Cars 1 - The Beginning	11	Time Attack	90	The Pearl of the Orient	1
Super Cars 1 - The Beginning	12	Classic	120	Bridge Finale	1
Super Cars 2 - Rising	1	Classic	90	The Pearl of the Orient	1
Super Cars 2 - Rising	2	Classic	90	Nanjing Stroll	1
Super Cars 2 - Rising	3	Time Attack	90	The Eternal City	1
Super Cars 2 - Rising	4	Classic	90	Shen City	1
Super Cars 2 - Rising	5	Classic	90	Pudong Rise	1
Super Cars 2 - Rising	6	Classic	90	Ancient Ruins	1
Super Cars 2 - Rising	7	Classic	90	Streets of San Francisco 	1
Super Cars 2 - Rising	8	Classic	90	Roller Coaster Ride	1
Super Cars 2 - Rising	9	Classic	90	Downtown Rise	1
Super Cars 2 - Rising	10	Classic	90	The City by the Bay	1
Super Cars 2 - Rising	11	Classic	90	Dipping Down	1
Super Cars 2 - Rising	12	Time Attack	90	Saint Peter Kickoff	1
Super Cars 2 - Rising	13	Classic	90	Nile River	1
Super Cars 2 - Rising	14	Classic	90	Thousand Minarets	1
Super Cars 2 - Rising	15	Hunted	120	The Land of Snow	1
Super Cars 2 - Rising	16	Classic	30	Rocky Valley	1
Welcome to Paradise	1	Classic	30	Resort Dash	1
Welcome to Paradise	2	Classic	60	Hotel Road	1
Welcome to Paradise	3	Classic	90	Beach Landing	1
Welcome to Paradise	4	Classic	30	Hell Vale	1
Welcome to Paradise	5	Classic	90	Paradise Resort	1
Welcome to Paradise	6	Classic	120	Island Tour	1
British Beasts	1	Classic	60	The Enchanted Island	1
British Beasts	2	Classic	90	Ancient Ruins	1
British Beasts	3	Classic	30	Ghost Ships	1
British Beasts	4	Classic	90	The Path of The Wind	1
British Beasts	5	Time Attack	90	Wildlands	1
British Beasts	6	Classic	60	Lighthouse	1
British Beasts	7	Classic	90	The Cave	1
British Beasts	8	Classic	30	Rocky Valley	1
British Beasts	9	Classic	90	Wildlands	1
British Beasts	10	Classic	120	The Freedom Route	1
Class A Novice	1	Classic	60	Snow Vault	1
Class A Novice	2	Classic	90	Capital of the World	1
Class A Novice	3	Classic	60	Cairo Tower Finish	1
Class A Novice	4	Classic	90	Dipping Down	1
Class A Novice	5	Classic	60	Tiber Cross	1
Class A Novice	6	Classic	90	Ancient Wonders	1
Class A Novice	7	Classic	90	Mountain Poles	1
Class A Novice	8	Classic	60	Future Road	1
Class A Novice	9	Time Attack	90	Roller Coaster Ride	1
Class A Novice	10	Classic	90	Nile River	1
Class A Novice	11	Classic	90	The Pearl of the Orient	1
Class A Novice	12	Classic	120	Pharaoh Games	1
Class A Pro	1	Classic	90	Thousand Minarets	1
Class A Pro	2	Classic	90	Urban Blaze	1
Class A Pro	3	Classic	90	Cliffhanger	1
Class A Pro	4	Classic	90	Dipping Down	1
Class A Pro	5	Classic	90	Ancient Wonders	1
Class A Pro	6	Classic	90	Mountain Poles	1
Class A Pro	7	Classic	90	Nile River	1
Class A Pro	8	Time Attack	90	Frozen Route	1
Class A Pro	9	Classic	60	Subterranean Dash	1
Class A Pro	10	Classic	30	Gezira Island	1
Class A Rookie	1	Classic	90	Transcontinental Race	1
Class A Rookie	2	Classic	90	Gold Rush	1
Class A Rookie	3	Classic	90	The Pearl of the Orient	1
Class A Rookie	4	Classic	90	Nanjing Stroll	1
Class A Rookie	5	Classic	90	Shen City	1
Class A Rookie	6	Classic	90	The Cave	1
Class A Rookie	7	Classic	90	Ancient Ruins	1
Class A Rookie	8	Classic	30	Ghost Ships	1
Class A Rookie	9	Hunted	120	The Freedom Route	1
Class A Rookie	10	Classic	120	The Windmills	1
Class B Elite	1	Classic	90	Saint Peter Kickoff	1
Class B Elite	2	Hunted	120	Complete Tour	1
Class B Elite	3	Classic	90	The Pearl of the Orient	1
Class B Elite	4	Classic	90	Nanjing Stroll	1
Class B Elite	5	Classic	30	Paris of the East	1
Class B Elite	6	Classic	90	Pudong Rise	1
Class B Elite	7	Classic	90	Shen City	1
Class B Elite	8	Classic	90	Wildlands	1
Class B Elite	9	Classic	90	The Cave	1
Class B Elite	10	Classic	30	Rocky Valley	1
Class B Elite	11	Time Attack	90	Whirlwind Curve	1
Class B Elite	12	Classic	90	Ancient Ruins	1
Class B Pro	1	Classic	60	Time Travel	1
Class B Pro	2	Classic	90	Cliffhanger	1
Class B Pro	3	Hunted	120	Scenic Route	1
Class B Pro	4	Classic	90	Tiber Stream	1
Class B Pro	5	Classic	30	Freefall	1
Class B Pro	6	Classic	30	Railroad Bustle	1
Class B Pro	7	Classic	90	Urban Blaze	1
Class B Pro	8	Classic	90	Saint Peter Kickoff	1
Class B Pro	9	Classic	30	Leap of Faith	1
Class B Pro	10	Classic	60	Bread and Circuses	1
Class B Pro	11	Classic	90	Nanjing Stroll	1
Class B Pro	12	Classic	120	Bridge View	1
Class C Master	1	Classic	30	Its a Twister	1
Class C Master	2	Classic	60	Subterranean Dash	1
Class C Master	3	Classic	90	Dipping Down	1
Class C Master	4	Classic	60	Rolling Motorway	1
Class C Master	5	Classic	90	Thousand Minarets	1
Class C Master	6	Time Attack	90	Transcontinental Race	1
Class C Master	7	Classic	90	Whirlwind Curve	1
Class C Master	8	Classic	90	Mountain Poles	1
Class C Master	9	Classic	60	Reach for the Sky	1
Class C Master	10	Classic	90	Ancient Wonders	1
Class C Master	11	Classic	60	Snow Vault	1
Class C Master	12	Classic	120	Bridge Finale	1
Electric Season	1	Classic	90	Beach Landing	1
Electric Season	2	Classic	90	Quantum Jumps	1
Electric Season	3	Classic	90	Straights & Hairpins	1
Electric Season	4	Hunted	120	People Square Dash	1
Electric Season	5	Classic	30	Trainspotter	1
Electric Season	6	Classic	60	Sakura Castle	1
Electric Season	7	Classic	90	Straight Sprint	1
Electric Season	8	Classic	120	Scenic Route	1
Electric Season	9	Classic	90	Ancient Rome	1
Electric Season	10	Classic	30	Leap of Faith	1
Electric Season	11	Classic	120	The Narrows	1
Escapes	1	Hunted	120	Complete Tour	1
Escapes	2	Hunted	120	The Land of Snow	1
Escapes	3	Hunted	120	Scenic Route	1
Escapes	4	Hunted	120	The Freedom Route	1
Escapes	5	Hunted	120	People Square Dash	1
Escapes	6	Hunted	120	Bridge Finale	1
Escapes	7	Hunted	120	US Wilderness	1
Euro Show Down	1	Classic	90	The Eternal City	1
Euro Show Down	2	Classic	90	Tiber Stream	1
Euro Show Down	3	Classic	90	Saint Peter Kickoff	1
Euro Show Down	4	Classic	90	Capital of the World	1
Euro Show Down	5	Classic	120	Complete Tour	1
Euro Show Down	6	Classic	60	Tiber Cross	1
Euro Show Down	7	Classic	30	Roman Byroads	1
Euro Show Down	8	Hunted	120	The Freedom Route	1
Euro Show Down	9	Classic	90	The Path of The Wind	1
Euro Show Down	10	Classic	30	Roman Tumble	1
Euro Show Down	11	Classic	90	The Cave	1
Euro Show Down	12	Time Attack	90	The Eternal City	1
Euro Show Down	13	Classic	60	Lighthouse	1
Euro Show Down	14	Classic	60	The Enchanted Island	1
Euro Show Down	15	Classic	30	Ghost Ships	1
Exotic Beasts	1	Classic	30	Freefall	1
Exotic Beasts	2	Classic	30	Roman Byroads	1
Exotic Beasts	3	Hunted	120	US Wilderness	1
Exotic Beasts	4	Classic	90	Roller Coaster Ride	1
Exotic Beasts	5	Classic	60	Snow Vault	1
Exotic Beasts	6	Classic	60	Cairo Tower Finish	1
Exotic Beasts	7	Classic	90	Shen City	1
Exotic Beasts	8	Classic	60	Tiber Cross	1
Exotic Beasts	9	Time Attack	90	Cliffhanger	1
Exotic Beasts	10	Classic	90	Nile River	1
Exotic Beasts	11	Classic	90	Capital of the World	1
Exotic Beasts	12	Classic	120	Asphalt Cave	1
Exotic Beasts	13	Classic	30	Roman Tumble	1
Exotic Beasts	14	Classic	30	Leap of Faith	1
Exotic Beasts	15	Classic	90	Streets of San Francisco 	1
Exotic Beasts	16	Classic	90	Mountain Poles	1
Exotic Beasts	17	Classic	120	The Freedom Route	1
Exotic Beasts	18	Classic	90	The Pearl of the Orient	1
Italian Ride	1	Classic	30	Roman Byroads	1
Italian Ride	2	Classic	30	Roman Tumble	1
Italian Ride	3	Classic	90	The Eternal City	1
Italian Ride	4	Classic	120	Complete Tour	1
Italian Ride	5	Hunted	120	Complete Tour	1
Italian Ride	6	Classic	90	Saint Peter Kickoff	1
Italian Ride	7	Classic	60	Tiber Cross	1
Italian Ride	8	Classic	30	Roman Tumble	1
Italian Ride	9	Classic	90	Capital of the World	1
Italian Ride	10	Classic	90	The Eternal City	1
Italian Ride	11	Classic	90	Saint Peter Kickoff	1
Italian Ride	12	Classic	30	Roman Byroads	1
Italian Ride	13	Classic	90	Tiber Stream	1
Italian Ride	14	Classic	60	Bread and Circuses	1
Italian Ride	15	Classic	60	Tiber Cross	1
Italian Ride	16	Classic	120	Alternate Route	1
Italian Season	1	Classic	90	The Eternal City	1
Italian Season	2	Classic	90	Urban Blaze	1
Italian Season	3	Classic	90	Nile River	1
Italian Season	4	Classic	90	Saint Peter Kickoff	1
Italian Season	5	Classic	90	Capital of the World	1
Italian Season	6	Classic	90	Ancient Rome	1
Italian Season	7	Hunted	120	All-Inclusive	1
Italian Season	8	Classic	120	Scenic Route	1
Italian Season	9	Classic	60	Hotel Road	1
Italian Season	10	Classic	120	Alternate Route	1
Italian Season	11	Hunted	90	Saint Peter Kickoff	1
Italian Season	12	Time Attack	90	Saint Peter Kickoff	1
Italian Season	13	Classic	60	Subterranean Dash	1
Italian Season	14	Classic	30	Resort Dash	1
Italian Season	16	Classic	120	Complete Tour	1
Land Of The Racing Sun	1	Classic	60	City Dash	1
Land Of The Racing Sun	2	Classic	60	Lighthouse	1
Land Of The Racing Sun	3	Classic	90	Pudong Rise	1
Land Of The Racing Sun	4	Classic	30	Roman Byroads	1
Land Of The Racing Sun	5	Classic	30	Roman Tumble	1
Land Of The Racing Sun	6	Time Attack	90	Nanjing Stroll	1
Land Of The Racing Sun	7	Classic	30	Trainspotter	1
Land Of The Racing Sun	8	Classic	90	Streets of San Francisco 	1
Land Of The Racing Sun	9	Hunted	120	People Square Dash	1
Land Of The Racing Sun	10	Classic	30	A Kings Revival	1
Land Of The Racing Sun	11	Classic	60	Waterside	1
Land Of The Racing Sun	12	Classic	120	Complete Tour	1
Porsche	1	Classic	90	Canyon Launch	1
Porsche	2	Classic	90	Whirlwind Curve	1
Porsche	3	Classic	90	Gold Rush	1
Porsche	4	Classic	90	Transcontinental Race	1
Porsche	5	Classic	120	Navajo Nation	1
Porsche	6	Classic	90	The City by the Bay	1
Porsche	7	Classic	90	Downtown Rise	1
Porsche	8	Time Attack	90	Saint Peter Kickoff	1
Porsche	9	Classic	90	Streets of San Francisco 	1
Porsche	10	Classic	120	Bridge View	1
Porsche	11	Classic	90	Pudong Rise	1
Porsche	12	Classic	90	Shen City	1
Porsche	13	Classic	90	Nanjing Stroll	1
Porsche	14	Classic	90	The Pearl of the Orient	1
Porsche	15	Classic	120	People Square Dash	1
Sun Racers	1	Classic	90	Pier Pressure	1
Sun Racers	2	Classic	30	Islet Race	1
Sun Racers	3	Cops	90	Thundering Start	1
Sun Racers	4	Classic	30	Hell Vale	1
Sun Racers	5	Classic	30	Islet Race	1
Sun Racers	6	Hunted	120	All-Inclusive	1
Sun Racers	7	Classic	90	Thundering Start	1
Sun Racers	8	Cops	60	Hotel Road	1
Sun Racers	9	Classic	30	Resort Dash	1
Sun Racers	10	Classic	90	Beach Landing	1
Sun Racers	11	Classic	90	Paradise Resort	1
Sun Racers	12	Classic	60	Hotel Road	1
Sun Racers	13	Time Attack	90	Beach Landing	1
Sun Racers	14	Classic	30	Hell Vale	1
Sun Racers	15	Classic	120	All-Inclusive	1
Ultimate Experience	1	Classic	30	The Tunnel	1
Ultimate Experience	2	Classic	60	Bread and Circuses	1
Ultimate Experience	3	Classic	90	The Path of The Wind	1
Ultimate Experience	4	Classic	90	Urban Blaze	1
Ultimate Experience	5	Classic	30	Meiji Rush	1
Ultimate Experience	6	Classic	90	The City by the Bay	1
Ultimate Experience	7	Classic	90	Saint Peter Kickoff	1
Ultimate Experience	8	Classic	120	Shopping Spree	1
Ultimate Experience	9	Classic	30	Its a Twister	1
Ultimate Experience	10	Classic	60	Hotel Road	1
Ultimate Experience	11	Classic	120	Scenic Route	1
Ultimate Experience	12	Classic	90	Cliffhanger	1
Ultimate Experience	13	Classic	90	Ancient Ruins	1
Ultimate Experience	14	Classic	90	Industrial Revolution	1
Ultimate Experience	15	Classic	90	Pudong Rise	1
Urban Outcast	1	Classic	90	Ancient Wonders	1
Urban Outcast	2	Hunted	120	Scenic Route	1
Urban Outcast	3	Classic	90	The City by the Bay	1
Urban Outcast	4	Hunted	120	Bridge Finale	1
Urban Outcast	5	Classic	90	Pudong Rise	1
Urban Outcast	6	Hunted	120	People Square Dash	1
Urban Outcast	7	Classic	90	Tiber Stream	1
Urban Outcast	8	Hunted	120	Complete Tour	1
Asphalt Hyper Machines	1	Classic	30	Double Roundabout	1
Asphalt Hyper Machines	2	Classic	30	Paris of the East	1
Asphalt Hyper Machines	3	Time Attack	90	Whirlwind Curve	1
Asphalt Hyper Machines	4	Classic	90	The City by the Bay	1
Asphalt Hyper Machines	5	Classic	60	Landslide	1
Asphalt Hyper Machines	6	Classic	30	Roman Byroads	1
Asphalt Hyper Machines	7	Classic	90	Frozen Route	1
Asphalt Hyper Machines	8	Classic	120	The Windmills	1
Asphalt Hyper Machines	9	Classic	60	Snow Vault	1
Asphalt Hyper Machines	10	Classic	30	Railroad Bustle	1
Asphalt Hyper Machines	11	Classic	60	Bread and Circuses	1
Asphalt Hyper Machines	12	Classic	90	Wildlands	1
Class A Elite	1	Classic	60	Subterranean Dash	1
Class A Elite	2	Classic	60	Cairo Tower Finish	1
Class A Elite	3	Classic	90	Cliffhanger	1
Class A Elite	4	Classic	90	Downtown Rise	1
Class A Elite	5	Classic	30	Its a Twister	1
Class A Elite	6	Classic	90	The Eternal City	1
Class A Elite	7	Classic	30	Leap of Faith	1
Class A Elite	8	Classic	90	Pudong Rise	1
Class A Elite	9	Classic	30	Trainspotter	1
Class A Elite	10	Classic	90	Nile River	1
Class A Elite	11	Classic	30	Railroad Bustle	1
Class A Elite	12	Classic	30	Freefall	1
Class A Elite	13	Hunted	120	Scenic Route	1
Class A Elite	14	Classic	90	The Cave	1
Class A Master	1	Classic	60	Future Road	1
Class A Master	2	Classic	90	Urban Blaze	1
Class A Master	3	Classic	30	Leap of Faith	1
Class A Master	4	Classic	90	The Path of The Wind	1
Class A Master	5	Classic	90	The Pearl of the Orient	1
Class A Master	6	Classic	90	Transcontinental Race	1
Class A Master	7	Classic	90	Shen City	1
Class A Master	8	Classic	90	Frozen Route	1
Class A Master	9	Time Attack	90	Roller Coaster Ride	1
Class A Master	10	Classic	90	Gold Rush	1
Class A Master	11	Classic	90	Capital of the World	1
Class A Master	12	Classic	90	Canyon Launch	1
Class B Master	1	Classic	30	Its a Twister	1
Class B Master	2	Classic	60	The Enchanted Island	1
Class B Master	3	Classic	60	Reach for the Sky	1
Class B Master	4	Classic	90	Cliffhanger	1
Class B Master	5	Classic	90	Tiber Stream	1
Class B Master	6	Classic	60	City Dash	1
Class B Master	7	Hunted	120	Bridge Finale	1
Class B Master	8	Classic	90	Nanjing Stroll	1
Class B Master	9	Classic	90	Ancient Wonders	1
Class B Master	10	Classic	90	Mountain Poles	1
Class B Master	11	Classic	30	Ghost Ships	1
Class B Master	12	Classic	30	Leap of Faith	1
Class B Master	13	Classic	90	Gold Rush	1
Class B Master	14	Classic	120	Shopping Spree	1
Class S Elite	1	Classic	90	Urban Blaze	1
Class S Elite	2	Classic	90	The Path of The Wind	1
Class S Elite	3	Classic	90	Nile River	1
Class S Elite	4	Classic	90	Tiber Stream	1
Class S Elite	5	Hunted	120	Bridge Finale	1
Class S Elite	6	Classic	60	Cairo Tower Finish	1
Class S Elite	7	Classic	120	Pharaoh Games	1
Class S Elite	8	Classic	60	Subterranean Dash	1
Class S Elite	9	Classic	30	Leap of Faith	1
Class S Novice	1	Classic	60	Landslide	1
Class S Novice	2	Classic	90	The Eternal City	1
Class S Novice	3	Time Attack	90	Roller Coaster Ride	1
Class S Novice	4	Classic	90	Pudong Rise	1
Class S Novice	5	Classic	30	Roman Byroads	1
Class S Novice	6	Classic	30	Roman Tumble	1
Class S Novice	7	Classic	90	Urban Blaze	1
Class S Novice	8	Classic	90	Mountain Poles	1
Class S Novice	9	Classic	120	Scenic Route	1
Class S Novice	10	Classic	90	Shen City	1
Class S Novice	11	Classic	30	Freefall	1
Class S Novice	12	Classic	90	Gold Rush	1
Class S Pro	1	Classic	90	Urban Blaze	1
Class S Pro	2	Time Attack	90	Transcontinental Race	1
Class S Pro	3	Classic	120	Pharaoh Games	1
Class S Pro	4	Classic	120	Bridge View	1
Class S Pro	5	Classic	30	A Kings Revival	1
Class S Pro	6	Classic	90	Ancient Ruins	1
Class S Pro	7	Classic	90	Dipping Down	1
Class S Pro	8	Hunted	120	The Freedom Route	1
Class S Pro	9	Classic	90	Streets of San Francisco 	1
Class S Pro	10	Classic	30	Ghost Ships	1
Class S Rookie	1	Classic	90	Frozen Route	1
Class S Rookie	2	Classic	90	Ancient Wonders	1
Class S Rookie	3	Classic	60	Snow Vault	1
Class S Rookie	4	Classic	90	Nanjing Stroll	1
Class S Rookie	5	Classic	30	Gezira Island	1
Class S Rookie	6	Classic	30	A Kings Revival	1
Class S Rookie	7	Classic	120	Alternate Route	1
Class S Rookie	8	Classic	90	The Pearl of the Orient	1
Class S Rookie	9	Time Attack	90	Thousand Minarets	1
Class S Rookie	10	Classic	60	Tiber Cross	1
Class S Rookie	11	Classic	60	Time Travel	1
Class S Rookie	12	Classic	120	The Land of Snow	1
Ferrari 1	2	Classic	90	Paradise Resort	1
Ferrari 1	3	Cops	90	Tiber Stream	1
Ferrari 1	4	Classic	90	Moat Finale	1
Ferrari 1	5	Classic	90	Capital of the World	1
Ferrari 1	6	Hunted	120	Complete Tour	1
Ferrari 1	7	Classic	90	Mountain Poles	1
Ferrari 1	8	Classic	60	Tiber Cross	1
Ferrari 1	9	Classic	90	Transcontinental Race	1
Hybrid Ace	1	Classic	60	Snow Vault	1
Hybrid Ace	2	Classic	90	Cliffhanger	1
Hybrid Ace	3	Classic	90	The Eternal City	1
Hybrid Ace	4	Classic	30	Trainspotter	1
Hybrid Ace	5	Classic	60	Bread and Circuses	1
Hybrid Ace	6	Classic	90	Pudong Rise	1
Hybrid Ace	7	Classic	60	The Enchanted Island	1
Hybrid Ace	8	Classic	60	Lighthouse	1
Hybrid Ace	9	Classic	90	Tiber Stream	1
Hybrid Ace	10	Classic	60	City Dash	1
Hybrid Ace	11	Classic	60	Future Road	1
Hybrid Ace	12	Hunted	120	Bridge Finale	1
Hybrid Ace	13	Classic	90	Wildlands	1
Hybrid Ace	14	Classic	30	Freefall	1
Hybrid Ace	15	Classic	120	The Land of Snow	1
Lamborghini	1	Classic	60	Rolling Motorway	1
Lamborghini	2	Classic	30	Railroad Bustle	1
Lamborghini	3	Classic	60	Landslide	1
Lamborghini	4	Classic	30	Gezira Island	1
Lamborghini	5	Classic	30	A Kings Revival	1
Lamborghini	6	Classic	90	Frozen Route	1
Lamborghini	7	Time Attack	90	The Pearl of the Orient	1
Lamborghini	8	Classic	120	People Square Dash	1
Lamborghini	9	Classic	30	Roman Tumble	1
Lamborghini	10	Classic	30	Rocky Valley	1
Lamborghini	11	Classic	60	Subterranean Dash	1
Lamborghini	12	Classic	60	Cairo Tower Finish	1
Lamborghini	13	Classic	30	Double Roundabout	1
Lamborghini	14	Classic	60	Time Travel	1
Lamborghini	15	Classic	120	Asphalt Cave	1
McLaren	1	Classic	90	Downhill Run	1
McLaren	2	Classic	30	Gezira Island	1
McLaren	3	Classic	90	Tunnel Jam	1
McLaren	4	Classic	60	Landslide	1
McLaren	5	Hunted	120	US Wilderness	1
McLaren	6	Classic	90	Cave Heat	1
McLaren	7	Classic	90	Rush Minute	1
McLaren	8	Classic	30	Rocky Valley	1
McLaren	9	Classic	90	Rush Minute	1
McLaren	10	Classic	60	Subterranean Dash	1
McLaren	11	Classic	120	The Land of Snow	1
McLaren	12	Classic	90	Downhill Run	1
McLaren	13	Classic	120	Bridge Finale	1
McLaren	14	Hunted	120	Complete Tour	1
McLaren	15	Classic	90	Tunnel Jam	1
McLaren	16	Classic	30	Its a Twister	1
McLaren	17	Classic	90	Cave Heat	1
McLaren	18	Classic	60	Reach for the Sky	1
McLaren	19	Classic	90	Frozen Route	1
McLaren	20	Classic	90	The Cave	1
Roadtrips Interrupted	1	Classic	90	The Cave	1
Roadtrips Interrupted	2	Hunted	120	The Freedom Route	1
Roadtrips Interrupted	3	Classic	90	Dipping Down	1
Roadtrips Interrupted	4	Hunted	120	The Land of Snow	1
Roadtrips Interrupted	5	Classic	90	Gold Rush	1
Roadtrips Interrupted	6	Hunted	120	US Wilderness	1
Super Cars 3 - Return To Ride	1	Classic	60	Time Travel	1
Super Cars 3 - Return To Ride	2	Classic	60	Rolling Motorway	1
Super Cars 3 - Return To Ride	3	Classic	30	Double Roundabout	1
Super Cars 3 - Return To Ride	4	Classic	30	Paris of the East	1
Super Cars 3 - Return To Ride	5	Classic	120	Shopping Spree	1
Super Cars 3 - Return To Ride	6	Classic	90	Streets of San Francisco 	1
Super Cars 3 - Return To Ride	7	Classic	90	Roller Coaster Ride	1
Super Cars 3 - Return To Ride	8	Classic	90	Downtown Rise	1
Super Cars 3 - Return To Ride	9	Classic	60	Bread and Circuses	1
Super Cars 3 - Return To Ride	10	Classic	30	Roman Tumble	1
Super Cars 3 - Return To Ride	11	Time Attack	90	Thousand Minarets	1
Super Cars 3 - Return To Ride	12	Classic	90	Dipping Down	1
Super Cars 3 - Return To Ride	13	Classic	120	Asphalt Cave	1
Tradition Meets Future	1	Classic	30	Namba Park	1
Tradition Meets Future	2	Classic	90	Moat Finale	1
Tradition Meets Future	3	Cops	90	Budding Start	1
Tradition Meets Future	4	Classic	30	Meiji Rush	1
Tradition Meets Future	5	Classic	60	Rat Race	1
Tradition Meets Future	6	Hunted	120	Large Hill	1
Tradition Meets Future	7	Classic	90	Industrial Revolution	1
Tradition Meets Future	8	Classic	60	Sakura Castle	1
Tradition Meets Future	9	Classic	90	Naniwa Tour	1
Tradition Meets Future	10	Cops	120	Welcome to Osaka	1
W Motors	1	Classic	90	The City by the Bay	1
W Motors	2	Classic	90	The Path of The Wind	1
W Motors	3	Classic	90	Roller Coaster Ride	1
W Motors	4	Classic	90	Frozen Route	1
W Motors	5	Classic	120	People Square Dash	1
W Motors	6	Classic	30	Railroad Bustle	1
W Motors	7	Classic	90	Canyon Launch	1
W Motors	8	Classic	90	Nile River	1
W Motors	9	Classic	90	Gold Rush	1
W Motors	10	Time Attack	90	Saint Peter Kickoff	1
W Motors	11	Classic	30	Trainspotter	1
W Motors	12	Classic	30	Rocky Valley	1
W Motors	13	Classic	60	Time Travel	1
American Autos	1	Classic	90	Transcontinental Race	1
American Autos	2	Classic	90	Roller Coaster Ride	1
American Autos	3	Classic	90	Whirlwind Curve	1
American Autos	4	Time Attack	90	Downtown Rise	1
American Autos	5	Classic	120	US Wilderness	1
American Autos	6	Classic	90	Streets of San Francisco 	1
American Autos	7	Classic	90	Gold Rush	1
American Autos	8	Classic	90	Downtown Rise	1
American Autos	9	Classic	90	Canyon Launch	1
American Autos	10	Classic	120	Bridge Finale	1
American Autos	11	Classic	30	Its a Twister	1
American Autos	12	Classic	120	Bridge View	1
American Autos	13	Classic	30	Trainspotter	1
American Autos	14	Classic	120	Navajo Nation	1
American Autos	15	Classic	30	Railroad Bustle	1
American Autos	16	Classic	30	The Tunnel	1
American Autos	17	Classic	90	Mountain Poles	1
American Autos	18	Classic	90	Pudong Rise	1
American Autos	19	Classic	90	Cliffhanger	1
American Autos	20	Classic	90	Ancient Ruins	1
Bring the Heat	1	Classic	90	Fire & Ice	1
Bring the Heat	2	Classic	90	Volcano Run	1
Bring the Heat	3	Classic	90	Ice Road Circuit	1
Bring the Heat	4	Classic	90	Slippery when Icy	1
Bring the Heat	5	Classic	90	Icy Loop	1
Bring the Heat	6	Classic	90	Coastal Ice	1
Bring the Heat	7	Classic	90	Ice Road Circuit	1
Bring the Heat	8	Classic	120	Coastal Loop	1
Bring the Heat	9	Classic	120	Icebergs & Lava	1
British Tour	1	Classic	90	Football & Politics	1
British Tour	2	Classic	90	Big Passions	1
British Tour	3	Classic	90	Harbor Run	1
British Tour	4	Classic	90	Purple Boulevard	1
British Tour	5	Classic	90	Stadium Lap	1
British Tour	6	Classic	90	Through the Park	1
British Tour	7	Classic	90	New City	1
British Tour	8	Classic	90	Old City	1
British Tour	9	Classic	90	Crosstown Rivals	1
Class S Master	1	Classic	90	Thousand Minarets	1
Class S Master	2	Classic	90	Gold Rush	1
Class S Master	3	Classic	90	Urban Blaze	1
Class S Master	4	Classic	90	Capital of the World	1
Class S Master	5	Classic	120	Pharaoh Games	1
Class S Master	6	Classic	90	Cliffhanger	1
Class S Master	7	Classic	90	The Path of The Wind	1
Class S Master	8	Hunted	120	The Land of Snow	1
Class S Master	9	Classic	90	Streets of San Francisco 	1
Class S Master	10	Classic	120	Asphalt Cave	1
Euro Motors	1	Classic	90	Ancient Ruins	1
Euro Motors	2	Classic	90	Urban Blaze	1
Euro Motors	3	Classic	90	The Cave	1
Euro Motors	4	Time Attack	90	Downtown Rise	1
Euro Motors	5	Classic	120	Shopping Spree	1
Euro Motors	6	Classic	30	Rocky Valley	1
Euro Motors	7	Classic	60	Reach for the Sky	1
Euro Motors	8	Classic	90	The Eternal City	1
Euro Motors	9	Classic	90	Whirlwind Curve	1
Euro Motors	10	Classic	90	Saint Peter Kickoff	1
Euro Motors	11	Classic	90	Wildlands	1
Euro Motors	12	Classic	120	Alternate Route	1
Euro Motors	13	Classic	30	The Tunnel	1
Euro Motors	14	Classic	60	Tiber Cross	1
Euro Motors	15	Classic	30	A Kings Revival	1
Ferrari 2	1	Time Attack	90	The Enchanted Island	1
Ferrari 2	1	Classic	30	Gezira Island	1
Ferrari 2	2	Classic	30	Double Roundabout	1
Ferrari 2	3	Classic	60	Landslide	1
Ferrari 2	4	Classic	90	Nile River	1
Ferrari 2	5	Classic	30	Railroad Bustle	1
Ferrari 2	6	Time Attack	90	Nanjing Stroll	1
Ferrari 2	7	Classic	90	Cliffhanger	1
Ferrari 2	8	Classic	60	Bread and Circuses	1
Ferrari 2	9	Classic	60	Cairo Tower Finish	1
Ferrari 2	10	Hunted	120	People Square Dash	1
Ferrari 2	11	Classic	90	Urban Blaze	1
Ferrari 2	12	Classic	120	People Square Dash	1
French Connection	1	Classic	90	Cave Heat	1
French Connection	2	Classic	90	Tunnel Jam	1
French Connection	3	Classic	120	Scenic Route	1
French Connection	4	Classic	60	Landslide	1
French Connection	5	Classic	30	The Tunnel	1
French Connection	6	Classic	60	Gezira Island	1
French Connection	7	Cops	60	Waterside	1
French Connection	8	Classic	60	Future Road	1
French Connection	9	Classic	60	Reach for the Sky	1
French Connection	10	Classic	90	Downhill Run	1
French Connection	11	Cops	90	Cave Heat	1
French Connection	12	Classic	90	Tiber Stream	1
French Connection	13	Classic	90	Mountain Poles	1
French Connection	14	Classic	60	Lighthouse	1
French Connection	15	Classic	90	Shen City	1
French Connection	16	Classic	90	Thousand Minarets	1
French Connection	17	Classic	120	US Wilderness	1
French Connection	18	Classic	60	Tiber Cross	1
French Connection	19	Classic	90	Frozen Route	1
French Connection	20	Classic	90	Mountain Poles	1
French Connection	21	Classic	60	Rolling Motorway	1
French Connection	22	Classic	90	The Path of The Wind	1
French Connection	23	Classic	60	Subterranean Dash	1
French Connection	24	Classic	90	Shen City	1
French Connection	25	Classic	120	Alternate Route	1
Hyper Roam	1	Classic	90	Streets of San Francisco 	1
Hyper Roam	2	Classic	90	The Cave	1
Hyper Roam	3	Classic	90	Downtown Rise	1
Hyper Roam	4	Classic	90	Thousand Minarets	1
Hyper Roam	5	Classic	30	Railroad Bustle	1
Hyper Roam	6	Classic	90	Mountain Poles	1
Hyper Roam	7	Classic	90	Capital of the World	1
Hyper Roam	8	Classic	90	Cliffhanger	1
Hyper Roam	9	Classic	90	Urban Blaze	1
Hyper Roam	10	Classic	30	Freefall	1
Hyper Roam	11	Time Attack	90	Ancient Wonders	1
Hyper Roam	12	Classic	90	Nanjing Stroll	1
Hyper Roam	13	Classic	120	Scenic Route	1
New Breed Rivals	1	Classic	90	Saint Peter Kickoff	1
New Breed Rivals	2	Time Attack	90	Thousand Minarets	1
New Breed Rivals	3	Classic	90	Auckland Track	1
New Breed Rivals	4	Classic	90	The Path of The Wind	1
New Breed Rivals	5	Classic	90	Transcontinental Race	1
New Breed Rivals	6	Classic	90	Subway Surfing	1
New Breed Rivals	7	Time Attack	90	Frozen Route	1
New Breed Rivals	8	Classic	90	Pudong Rise	1
New Breed Rivals	9	Classic	90	Moat Finale	1
Raging Bull	1	Classic	90	The Eternal City	1
Raging Bull	2	Classic	90	Tiber Stream	1
Raging Bull	3	Classic	90	Saint Peter Kickoff	1
Raging Bull	4	Classic	90	Capital of the World	1
Raging Bull	6	Classic	90	Ancient Rome	1
Raging Bull	7	Classic	90	The Path of The Wind	1
Raging Bull	8	Classic	90	Wildlands	1
Raging Bull	9	Classic	90	Ancient Ruins	1
Raging Bull	10	Classic	90	Uptown	1
Raging Bull	11	Classic	90	The City that Never Sleeps	1
Raging Bull	12	Classic	90	Leaps & Bounds	1
Raging Bull	13	Classic	90	Quantum Jumps	1
Raging Bull	14	Classic	90	Subway Surfing	1
Raging Bull	15	Classic	90	Airdropped	1
Raging Bull	16	Classic	90	Pudong Rise	1
Raging Bull	17	Classic	90	Shen City	1
Raging Bull	18	Classic	90	The Pearl of the Orient	1
