Season;RaceOrder;Mode;Time;English
"BMW Z4";1;Classic;60;"Future Road"
"BMW Z4";2;Classic;90;"Downtown Rise"
"BMW Z4";3;Classic;60;"City Dash"
"BMW Z4";4;Classic;30;"Double Roundabout"
"BMW Z4";5;Classic;60;"Reach for the Sky"
"BMW Z4";6;Classic;30;"Paris of the East"
"BMW Z4";7;Classic;60;Waterside
"BMW Z4";8;Classic;90;"Pudong Rise"
Camaro;1;Classic;30;"Railroad Bustle"
Camaro;2;Classic;30;"Double Roundabout"
Camaro;3;Classic;30;"Ghost Ships"
Camaro;4;Classic;30;"Leap of Faith"
Camaro;5;Classic;60;"City Dash"
Camaro;6;Classic;60;Landslide
Camaro;7;Classic;60;Lighthouse
Camaro;8;Classic;90;"Pudong Rise"
Camaro;9;Classic;90;"The Cave"
Camaro;10;Classic;90;"Streets of San Francisco "
Camaro;11;Classic;30;"Paris of the East"
Camaro;12;Classic;30;"Rocky Valley"
Camaro;13;Classic;60;"City Dash"
Camaro;14;Classic;90;"The Cave"
Camaro;15;Classic;90;"Dipping Down"
"Class C Novice";1;Classic;90;"The City by the Bay"
"Class C Novice";2;Classic;90;"Pudong Rise"
"Class C Novice";3;Hunted;120;"The Land of Snow"
"Class C Novice";4;Classic;90;"The Pearl of the Orient"
"Class C Novice";5;Classic;60;"Future Road"
"Class C Novice";6;Classic;30;"Double Roundabout"
"Class C Novice";7;"Time Attack";90;"The Path of The Wind"
"Class C Novice";8;Classic;30;Freefall
"Class C Novice";9;Classic;60;Lighthouse
"Class C Novice";10;Classic;90;"The Pearl of the Orient"
"Class C Novice";11;Classic;90;"Frozen Route"
"Class C Novice";12;Classic;30;"The Tunnel"
"Class C Novice";13;Classic;60;"Snow Vault"
"Class C Novice";14;Classic;90;"Roller Coaster Ride"
"Class D Novice";1;Classic;30;"Rocky Valley"
"Class D Novice";2;"Time Attack";90;Cliffhanger
"Class D Novice";3;Classic;60;"Reach for the Sky"
"Class D Novice";4;Classic;60;Landslide
"Class D Novice";5;Classic;90;"Downtown Rise"
"Class D Novice";6;Classic;60;Waterside
"Class D Novice";7;Classic;90;"Ancient Ruins"
"Class D Novice";8;Classic;90;"Dipping Down"
"Class D Novice";9;Classic;90;"The Path of The Wind"
"Class D Novice";10;Classic;120;"The Land of Snow"
"Class D Rookie";1;Classic;90;"Urban Blaze"
"Class D Rookie";2;Classic;30;"Double Roundabout"
"Class D Rookie";3;Classic;90;"The Cave"
"Class D Rookie";4;Classic;30;"A Kings Revival"
"Class D Rookie";5;Classic;60;"Subterranean Dash"
"Class D Rookie";6;Classic;90;"Streets of San Francisco "
"Class D Rookie";7;Classic;60;Lighthouse
"Class D Rookie";8;Classic;90;"Nanjing Stroll"
"Class D Rookie";9;Classic;30;"Paris of the East"
"Class D Rookie";10;Hunted;120;"Scenic Route"
"Class D Rookie";11;Classic;60;"Cairo Tower Finish"
"Class D Rookie";12;Classic;90;"The Pearl of the Orient"
Escape;1;Classic;60;Waterside
Escape;2;Hunted;120;"Bridge Finale"
Escape;3;Hunted;120;"US Wilderness"
Escape;4;Classic;60;"Tiber Cross"
Escape;5;Hunted;120;"Complete Tour"
Escape;6;Hunted;120;"The Freedom Route"
"Exclusive Challenge Asia";1;Classic;60;"Future Road"
"Exclusive Challenge Asia";2;Classic;30;"Leap of Faith"
"Exclusive Challenge Asia";3;Classic;30;"Paris of the East"
"Exclusive Challenge Asia";4;"Time Attack";90;"Nanjing Stroll"
"Exclusive Challenge Asia";5;Classic;90;"Mountain Poles"
"Exclusive Challenge Asia";6;Classic;90;"Frozen Route"
"Exclusive Challenge Asia";7;Classic;30;"Double Roundabout"
"Exclusive Challenge Asia";8;Classic;90;"Dipping Down"
"Exclusive Challenge Asia";9;Classic;60;Landslide
"Exclusive Challenge Asia";10;Classic;120;"Shopping Spree"
Gearheads;1;Classic;60;"The Enchanted Island"
Gearheads;2;Classic;30;"Ghost Ships"
Gearheads;3;Classic;90;"Ancient Ruins"
Gearheads;4;Classic;30;"The Tunnel"
Gearheads;5;"Time Attack";90;"Downtown Rise"
Gearheads;6;Classic;90;"Roller Coaster Ride"
Gearheads;7;Classic;60;Lighthouse
Gearheads;8;Classic;30;"Rocky Valley"
Gearheads;9;Classic;90;"The Path of The Wind"
Gearheads;10;Classic;120;"The Windmills"
"Legendary Start";1;Classic;60;"City Dash"
"Legendary Start";2;Classic;60;Waterside
"Legendary Start";3;Classic;30;Freefall
"Legendary Start";4;Classic;60;"Snow Vault"
"Legendary Start";5;Classic;60;Landslide
"Legendary Start";6;Classic;90;"The City by the Bay"
"Pure Muscle Car";1;Classic;30;"Railroad Bustle"
"Pure Muscle Car";2;Classic;90;"Ancient Ruins"
"Pure Muscle Car";3;Classic;60;"The Enchanted Island"
"Pure Muscle Car";4;Classic;30;"Paris of the East"
"Pure Muscle Car";5;Classic;60;Waterside
"Pure Muscle Car";6;Classic;90;"Roller Coaster Ride"
"Pure Muscle Car";7;Classic;60;"Snow Vault"
"Pure Muscle Car";8;Classic;90;"Pudong Rise"
"Pure Muscle Car";9;"Time Attack";90;"Roller Coaster Ride"
"Pure Muscle Car";10;Classic;90;Cliffhanger
"The Heart of Kansai";1;Classic;30;"Meiji Rush"
"The Heart of Kansai";2;Classic;90;"Budding Start"
"The Heart of Kansai";3;Cops;60;"Sakura Castle"
"The Heart of Kansai";4;Classic;90;"Industrial Revolution"
"The Heart of Kansai";5;Classic;60;"Rat Race"
"The Heart of Kansai";6;Classic;90;"Naniwa Tour"
"American Blaze";1;Classic;90;"Canyon Launch"
"American Blaze";2;Classic;90;"The City by the Bay"
"American Blaze";3;Classic;90;"Gold Rush"
"American Blaze";4;Classic;90;"Roller Coaster Ride"
"American Blaze";5;Classic;120;"Navajo Nation"
"American Blaze";6;Classic;90;"Streets of San Francisco "
"American Blaze";7;Classic;60;"Rolling Motorway"
"American Blaze";8;Classic;30;"The Tunnel"
"American Blaze";9;Classic;30;"Its a Twister"
"American Blaze";10;Classic;30;Trainspotter
"American Blaze";11;Classic;60;Waterside
"American Blaze";12;Classic;90;"Whirlwind Curve"
"American Blaze";13;Classic;60;"City Dash"
"American Blaze";14;Classic;90;"Transcontinental Race"
"American Blaze";15;"Time Attack";90;"Whirlwind Curve"
"American Most Wanted";1;Classic;60;"Time Travel"
"American Most Wanted";2;Classic;90;"Canyon Launch"
"American Most Wanted";3;Classic;120;"Navajo Nation"
"American Most Wanted";4;Hunted;120;"US Wilderness"
"American Most Wanted";5;Classic;30;"The Tunnel"
"American Most Wanted";6;Classic;60;Waterside
"American Most Wanted";7;Hunted;120;"Bridge Finale"
"Class B Novice";1;Classic;90;"Ancient Ruins"
"Class B Novice";2;Classic;90;"The Eternal City"
"Class B Novice";3;Classic;90;"Saint Peter Kickoff"
"Class B Novice";4;Classic;90;"The Path of The Wind"
"Class B Novice";5;"Time Attack";90;"Transcontinental Race"
"Class B Novice";6;Classic;90;"The City by the Bay"
"Class B Novice";7;Classic;90;Wildlands
"Class B Novice";8;Classic;30;"The Tunnel"
"Class B Novice";9;Classic;90;"Downtown Rise"
"Class B Novice";10;Classic;90;"Urban Blaze"
"Class B Novice";11;Classic;90;"Thousand Minarets"
"Class B Novice";12;Classic;90;Cliffhanger
"Class B Novice";13;Classic;90;"Dipping Down"
"Class B Rookie";1;Classic;90;"Shen City"
"Class B Rookie";2;Classic;90;"The Eternal City"
"Class B Rookie";3;Classic;90;"Urban Blaze"
"Class B Rookie";4;Classic;60;"Bread and Circuses"
"Class B Rookie";5;Classic;90;"Dipping Down"
"Class B Rookie";6;Classic;60;"Cairo Tower Finish"
"Class B Rookie";7;Classic;90;"Saint Peter Kickoff"
"Class B Rookie";8;"Time Attack";90;"Thousand Minarets"
"Class B Rookie";9;Classic;90;"Capital of the World"
"Class B Rookie";10;Classic;60;"Reach for the Sky"
"Class B Rookie";11;Classic;90;"Tiber Stream"
"Class B Rookie";12;Classic;90;"Downtown Rise"
"Class C Pro";1;Classic;90;"Capital of the World"
"Class C Pro";2;Classic;90;Wildlands
"Class C Pro";3;Classic;60;"Bread and Circuses"
"Class C Pro";4;Classic;90;"Transcontinental Race"
"Class C Pro";5;Classic;30;"Roman Byroads"
"Class C Pro";6;Classic;90;"Downtown Rise"
"Class C Pro";7;"Time Attack";90;"The Pearl of the Orient"
"Class C Pro";8;Classic;30;"Roman Tumble"
"Class C Pro";9;Classic;90;"Ancient Wonders"
"Class C Pro";10;Classic;60;"Tiber Cross"
"Class C Pro";11;Classic;90;Wildlands
"Class C Pro";12;Hunted;120;"People Square Dash"
"Class C Rookie";1;Classic;90;"Thousand Minarets"
"Class C Rookie";2;Classic;90;"The Pearl of the Orient"
"Class C Rookie";3;Classic;90;"Ancient Wonders"
"Class C Rookie";4;Classic;90;"Streets of San Francisco "
"Class C Rookie";5;"Time Attack";90;"The Eternal City"
"Class C Rookie";6;Classic;120;"Pharaoh Games"
"Class C Rookie";7;Classic;90;"Gold Rush"
"Class C Rookie";8;Classic;60;"Cairo Tower Finish"
"Class C Rookie";9;Classic;60;"Bread and Circuses"
"Class C Rookie";10;Classic;30;"A Kings Revival"
"Class C Rookie";11;Classic;90;Cliffhanger
"Class C Rookie";12;Classic;90;"Shen City"
"Class C Rookie";13;Classic;90;"Mountain Poles"
"Class C Rookie";14;Classic;90;"Capital of the World"
"Class C Rookie";15;Classic;120;"The Land of Snow"
"Class D Elite";1;Classic;90;"Frozen Route"
"Class D Elite";2;Classic;90;"Nanjing Stroll"
"Class D Elite";3;"Time Attack";90;"Frozen Route"
"Class D Elite";4;Classic;90;"The Pearl of the Orient"
"Class D Elite";5;Classic;90;"The City by the Bay"
"Class D Elite";6;Classic;90;"Whirlwind Curve"
"Class D Elite";7;Classic;90;"Thousand Minarets"
"Class D Elite";8;Classic;30;"Its a Twister"
"Class D Elite";9;Classic;90;"Ancient Wonders"
"Class D Elite";10;Classic;90;"Pudong Rise"
"Class D Elite";11;Classic;90;"Downtown Rise"
"Class D Elite";12;Classic;90;"The Eternal City"
"Class D Elite";13;Classic;120;"Alternate Route"
"Class D Pro";1;Classic;30;"Gezira Island"
"Class D Pro";2;Classic;30;"Double Roundabout"
"Class D Pro";3;Classic;90;"The Cave"
"Class D Pro";4;Classic;30;"A Kings Revival"
"Class D Pro";5;Classic;60;"Subterranean Dash"
"Class D Pro";6;"Time Attack";90;"Ancient Wonders"
"Class D Pro";7;Classic;60;"Subterranean Dash"
"Class D Pro";8;Classic;90;"Nanjing Stroll"
"Class D Pro";9;Classic;30;"Paris of the East"
"Class D Pro";10;Classic;90;"Thousand Minarets"
"Class D Pro";11;Classic;90;"Urban Blaze"
"Class D Pro";12;Classic;120;"People Square Dash"
"Full Throttle Season";1;Classic;90;"Desert Life"
"Full Throttle Season";2;Classic;90;"Quantum Jumps"
"Full Throttle Season";3;Classic;90;"Dam Buster"
"Full Throttle Season";4;Hunted;120;"The Narrows"
"Full Throttle Season";5;Classic;90;"Shen City"
"Full Throttle Season";6;Classic;30;"Bridge to Bridge"
"Full Throttle Season";7;Classic;120;"Asphalt Cave"
"Full Throttle Season";8;Classic;90;"Leaps & Bounds"
"Full Throttle Season";9;Classic;90;"Desert Run"
"Full Throttle Season";10;"Time Attack";90;"Desert Drift"
"Full Throttle Season";11;Classic;120;"Sprint Finish"
"Green Machines";1;Classic;90;"Ancient Ruins"
"Green Machines";2;Classic;90;"Canyon Launch"
"Green Machines";3;Classic;90;Cliffhanger
"Green Machines";4;Classic;60;"Time Travel"
"Green Machines";5;Classic;90;"Ancient Ruins"
"Green Machines";6;Hunted;120;"The Freedom Route"
"Green Machines";7;Classic;30;"Its a Twister"
"Green Machines";8;Classic;30;Trainspotter
"Green Machines";9;Classic;90;Cliffhanger
"Green Machines";10;Classic;60;"Rolling Motorway"
"Green Machines";11;Classic;90;"The Path of The Wind"
"Green Machines";12;Classic;90;"Whirlwind Curve"
"Green Machines";13;Classic;30;Freefall
"Green Machines";14;Classic;120;"Navajo Nation"
Heatwave;1;Hunted;120;"Scenic Route"
Heatwave;2;Classic;90;"Paradise Resort"
Heatwave;3;"Time Attack";90;"Desert Drift"
Heatwave;4;Classic;90;"Auckland Track"
Heatwave;5;Classic;30;"Straight Sprint"
Heatwave;6;Classic;90;"Industrial Run"
Heatwave;7;Classic;120;"The Circuit"
Heatwave;8;"Time Attack";90;"Downtown Rise"
Heatwave;9;Classic;90;"Ancient Wonders"
Heatwave;10;"Time Attack";90;"Straights & Hairpins"
"Stars & Stripes";1;Classic;90;Uptown
"Stars & Stripes";2;Classic;90;"The City that Never Sleeps"
"Stars & Stripes";3;Classic;90;"Leaps & Bounds"
"Stars & Stripes";4;Classic;30;Trainspotter
"Stars & Stripes";5;Classic;90;Airdropped
"Stars & Stripes";6;Classic;90;"Subway Surfing"
"Stars & Stripes";7;Classic;120;Sightseeing
"Stars & Stripes";8;Classic;30;"A Run in the Park"
"Stars & Stripes";9;Classic;120;"Bridge Finale"
"Stars & Stripes";10;Classic;120;"Navajo Nation"
"Stars & Stripes";11;Classic;30;"Wall Street Ride"
"Stars & Stripes";12;Classic;90;"Quantum Jumps"
"Stars & Stripes";13;Classic;60;"Zeppelin Race"
"Ultimate Muscle";1;Classic;30;"Its a Twister"
"Ultimate Muscle";2;Classic;30;Trainspotter
"Ultimate Muscle";3;Classic;60;"Rolling Motorway"
"Ultimate Muscle";4;Classic;90;"Transcontinental Race"
"Ultimate Muscle";5;Hunted;120;"Bridge Finale"
"Ultimate Muscle";6;Classic;30;"Its a Twister"
"Ultimate Muscle";7;Classic;60;Waterside
"Ultimate Muscle";8;Classic;90;"Canyon Launch"
"Ultimate Muscle";9;Classic;90;"Whirlwind Curve"
"Ultimate Muscle";10;Classic;90;"Streets of San Francisco "
"Ultimate Muscle";11;Classic;60;"Rolling Motorway"
"Ultimate Muscle";12;Classic;90;"Gold Rush"
"Volkswagen XL Sport";1;Classic;30;Freefall
"Volkswagen XL Sport";2;Classic;60;"Future Road"
"Volkswagen XL Sport";3;Classic;90;"The City by the Bay"
"Volkswagen XL Sport";4;Classic;90;"Canyon Launch"
"Volkswagen XL Sport";5;Classic;120;"Scenic Route"
"Volkswagen XL Sport";6;Classic;60;"The Enchanted Island"
"Volkswagen XL Sport";7;Classic;120;"US Wilderness"
"Volkswagen XL Sport";8;Classic;30;"Roman Tumble"
"Volkswagen XL Sport";9;Classic;120;"Complete Tour"
"Volkswagen XL Sport";10;Classic;120;"The Freedom Route"
"American Extreme";1;Classic;90;"The City by the Bay"
"American Extreme";2;Classic;90;"Downtown Rise"
"American Extreme";3;Classic;90;"Roller Coaster Ride"
"American Extreme";4;Classic;90;"Streets of San Francisco "
"American Extreme";5;Classic;120;"Bridge Finale"
"American Extreme";6;Classic;60;Waterside
"American Extreme";7;Classic;90;"Transcontinental Race"
"American Extreme";8;Classic;90;"Whirlwind Curve"
"American Extreme";9;Classic;90;"Canyon Launch"
"American Extreme";10;Classic;120;"Navajo Nation"
"American Extreme";11;Classic;90;"Gold Rush"
"American Extreme";12;Classic;60;"Rolling Motorway"
"American Extreme";13;Classic;60;"Time Travel"
"American Extreme";14;Classic;90;"Canyon Launch"
"American Extreme";15;Classic;30;"The Tunnel"
"American Extreme";16;Classic;120;"Bridge View"
"American Extreme";17;"Time Attack";90;"Roller Coaster Ride"
"American Extreme";18;Classic;120;"US Wilderness"
"Aston Martin";1;Classic;30;"Ghost Ships"
"Aston Martin";2;Classic;60;"The Enchanted Island"
"Aston Martin";3;Classic;90;"Ancient Ruins"
"Aston Martin";4;Classic;120;"The Windmills"
"Aston Martin";5;Classic;30;"Rocky Valley"
"Aston Martin";6;Classic;60;Lighthouse
"Aston Martin";7;Classic;90;"The Path of The Wind"
"Aston Martin";8;Classic;90;"The Cave"
"Aston Martin";9;Classic;90;Wildlands
"Aston Martin";10;"Time Attack";90;"Saint Peter Kickoff"
"Aston Martin";11;Classic;30;"Ghost Ships"
"Aston Martin";12;Classic;120;"The Freedom Route"
BMW;1;Classic;30;"Ghost Ships"
BMW;2;Classic;90;"Transcontinental Race"
BMW;3;Classic;30;"The Tunnel"
BMW;4;Classic;90;"Pudong Rise"
BMW;5;Classic;90;"Roller Coaster Ride"
BMW;6;Classic;90;"Mountain Poles"
BMW;7;"Time Attack";90;"The Path of The Wind"
BMW;8;Classic;90;"Thousand Minarets"
BMW;9;Classic;90;"Canyon Launch"
BMW;10;Classic;90;"Whirlwind Curve"
BMW;11;Classic;90;"Gold Rush"
BMW;12;Classic;60;Lighthouse
BMW;13;Classic;90;"Downtown Rise"
BMW;14;Classic;30;"Railroad Bustle"
BMW;15;Classic;120;"US Wilderness"
BMW;16;Classic;30;"Gezira Island"
BMW;17;Classic;120;"Navajo Nation"
BMW;18;Classic;30;"A Kings Revival"
BMW;19;Classic;30;"Its a Twister"
BMW;20;Classic;30;Trainspotter
BMW;21;Classic;90;"Capital of the World"
BMW;22;Classic;60;"Rolling Motorway"
"British Season";1;Hunted;120;"The Freedom Route"
"British Season";2;Classic;30;"Rocky Valley"
"British Season";3;"Time Attack";90;"Quantum Jumps"
"British Season";4;Classic;90;"The Path of The Wind"
"British Season";5;Classic;30;Trainspotter
"British Season";6;Classic;90;"Ancient Ruins"
"British Season";7;"Time Attack";90;Wildlands
"British Season";8;Classic;60;"Snow Vault"
"British Season";9;Classic;60;Lighthouse
"British Season";10;Classic;30;"Ghost Ships"
"British Season";11;Classic;120;"The Windmills"
"British Season";12;Classic;90;"The Cave"
"Class C Elite";1;"Time Attack";90;"Downtown Rise"
"Class C Elite";2;Classic;90;"Urban Blaze"
"Class C Elite";3;Classic;90;"Ancient Wonders"
"Class C Elite";4;Classic;90;"Nile River"
"Class C Elite";5;Classic;90;"Dipping Down"
"Class C Elite";6;Classic;90;"Mountain Poles"
"Class C Elite";7;Classic;30;"Leap of Faith"
"Class C Elite";8;Classic;90;"Tiber Stream"
"Class C Elite";9;Classic;90;"Capital of the World"
"Class C Elite";10;Classic;90;"Roller Coaster Ride"
"Class C Elite";11;Classic;90;Wildlands
"Class C Elite";12;Classic;90;"Shen City"
"Class C Elite";13;Classic;120;"Shopping Spree"
"Class C Elite";14;Classic;30;"Paris of the East"
"Class C Elite";15;Classic;30;Trainspotter
"Class D Master";1;Classic;90;"Nile River"
"Class D Master";2;Classic;90;"The Eternal City"
"Class D Master";3;Classic;60;"Future Road"
"Class D Master";4;Classic;30;"Roman Tumble"
"Class D Master";5;"Time Attack";90;"Thousand Minarets"
"Class D Master";6;Classic;90;Cliffhanger
"Class D Master";7;Classic;90;"The Eternal City"
"Class D Master";8;Classic;60;"Tiber Cross"
"Class D Master";9;Classic;90;"The City by the Bay"
"Class D Master";10;Classic;90;Wildlands
"Class D Master";11;Classic;90;"Transcontinental Race"
"Class D Master";12;Classic;90;"Ancient Wonders"
"Class D Master";13;Classic;90;"Saint Peter Kickoff"
"Class D Master";14;Classic;90;"Shen City"
"Class D Master";15;Classic;120;"Asphalt Cave"
Dodge;1;Classic;90;"Transcontinental Race"
Dodge;2;Classic;90;"Gold Rush"
Dodge;3;Classic;90;"Canyon Launch"
Dodge;4;Classic;60;"Time Travel"
Dodge;5;Classic;30;Trainspotter
Dodge;6;Classic;60;"Rolling Motorway"
Dodge;7;Classic;90;"Canyon Launch"
Dodge;8;Classic;120;"US Wilderness"
Dodge;9;Classic;90;"Whirlwind Curve"
Dodge;10;Classic;120;"Navajo Nation"
Dodge;11;Classic;90;"Nile River"
Dodge;12;Classic;90;"Ancient Wonders"
Dodge;13;Classic;90;"Urban Blaze"
Dodge;14;"Time Attack";90;"Ancient Wonders"
Dodge;15;Classic;30;"A Kings Revival"
Dodge;16;Classic;60;"Subterranean Dash"
Dodge;17;Classic;60;"Cairo Tower Finish"
Dodge;18;Classic;120;"Scenic Route"
"Eastern Getaway";1;Classic;30;"Paris of the East"
"Eastern Getaway";2;Classic;60;"Future Road"
"Eastern Getaway";3;Hunted;120;"People Square Dash"
"Eastern Getaway";4;Hunted;120;"The Land of Snow"
"Eastern Getaway";5;Classic;30;Freefall
"Eastern Getaway";6;Hunted;120;"The Land of Snow"
"Eastern Getaway";7;Hunted;120;"People Square Dash"
"Euro Rebels";1;Classic;30;"Roman Byroads"
"Euro Rebels";2;Classic;90;"Saint Peter Kickoff"
"Euro Rebels";3;Classic;90;"The Path of The Wind"
"Euro Rebels";4;Classic;90;"The Cave"
"Euro Rebels";5;Classic;120;"The Freedom Route"
"Euro Rebels";6;Classic;30;"Roman Byroads"
"Euro Rebels";7;Hunted;120;"Complete Tour"
"Euro Rebels";8;Classic;60;"The Enchanted Island"
"Euro Rebels";9;Classic;60;Lighthouse
"Euro Rebels";10;Classic;120;"Navajo Nation"
"Euro Rebels";11;Classic;30;"The Tunnel"
"Euro Rebels";12;Classic;90;"Transcontinental Race"
"Euro Rebels";13;Classic;90;"Whirlwind Curve"
"Euro Rebels";14;Classic;90;"Canyon Launch"
"Euro Rebels";15;Classic;30;"Ghost Ships"
"Euro Rebels";16;Classic;90;"Capital of the World"
"Euro Rebels";17;Classic;90;"Tiber Stream"
"Euro Rebels";18;Classic;120;"Complete Tour"
"Euro Tracks";1;Classic;90;"The Eternal City"
"Euro Tracks";2;Classic;90;"Ancient Ruins"
"Euro Tracks";3;Classic;90;"Saint Peter Kickoff"
"Euro Tracks";4;Classic;90;"Capital of the World"
"Euro Tracks";5;Classic;120;"The Windmills"
"Euro Tracks";6;"Time Attack";90;Wildlands
"Euro Tracks";7;Classic;60;"Bread and Circuses"
"Euro Tracks";8;Classic;60;Lighthouse
"Euro Tracks";9;Classic;30;"Roman Byroads"
"Euro Tracks";10;Classic;90;"The Cave"
"Euro Tracks";11;Classic;90;"Tiber Stream"
"Euro Tracks";12;Classic;90;"The Path of The Wind"
"European Season";1;Hunted;120;"The Freedom Route"
"European Season";2;Classic;90;"Tiber Stream"
"European Season";3;Classic;30;"Roman Byroads"
"European Season";4;Classic;90;"Ancient Ruins"
"European Season";5;Classic;90;"Desert Drift"
"European Season";6;"Time Attack";90;Uptown
"European Season";7;Classic;90;"Kita Run"
"European Season";8;Classic;90;"Paradise Resort"
"European Season";9;"Time Attack";90;"Downtown Rise"
"European Season";10;Hunted;120;"Complete Tour"
"European Season";11;Classic;90;"The Cave"
"Fire & Lightning";1;Classic;30;"Hell Vale"
"Fire & Lightning";2;Classic;90;"Nanjing Stroll"
"Fire & Lightning";3;Classic;60;"Hairpin Sprint"
"Fire & Lightning";4;Classic;60;Lighthouse
"Fire & Lightning";5;Classic;90;"Industrial Revolution"
"Fire & Lightning";6;Hunted;120;"Scenic Route"
"Fire & Lightning";7;Classic;90;"Quantum Jumps"
"Fire & Lightning";8;Classic;90;Wildlands
"Fire & Lightning";9;Classic;30;"Its a Twister"
"Fire & Lightning";10;Classic;30;Freefall
"Fire & Lightning";11;"Time Attack";90;"Refined Finish"
Ford;1;Classic;90;"Saint Peter Kickoff"
Ford;2;Classic;30;Trainspotter
Ford;3;Classic;90;"The Pearl of the Orient"
Ford;4;Classic;90;"Pudong Rise"
Ford;5;Classic;30;"Paris of the East"
Ford;6;Classic;60;Lighthouse
Ford;7;Classic;90;Wildlands
Ford;8;Classic;90;"The Path of The Wind"
Ford;9;Hunted;120;"The Freedom Route"
Ford;10;Classic;60;Waterside
Ford;11;Classic;90;"Streets of San Francisco "
Ford;12;Classic;90;"Downtown Rise"
Ford;13;Classic;90;"The City by the Bay"
Ford;14;Classic;90;"Frozen Route"
Ford;15;Classic;30;"Leap of Faith"
"From North to South";1;Classic;60;Lighthouse
"From North to South";2;Hunted;120;"The Freedom Route"
"From North to South";3;Hunted;120;"Complete Tour"
"From North to South";4;Classic;30;"A Kings Revival"
"From North to South";5;Hunted;120;"Scenic Route"
"From North to South";6;Classic;60;"Cairo Tower Finish"
"From North to South";7;Hunted;120;"Scenic Route"
"Future Fast";1;Classic;90;"The City by the Bay"
"Future Fast";2;Classic;90;"Saint Peter Kickoff"
"Future Fast";3;"Time Attack";90;"Nanjing Stroll"
"Future Fast";4;Classic;90;"Dipping Down"
"Future Fast";5;Classic;120;"Bridge Finale"
"Future Fast";6;Classic;30;"Double Roundabout"
"Future Fast";7;Classic;90;"Nanjing Stroll"
"Future Fast";8;Classic;60;"Reach for the Sky"
"Future Fast";9;Classic;60;"City Dash"
"Future Fast";10;Classic;120;"Navajo Nation"
"Future Fast";11;Classic;90;"Shen City"
"Future Fast";12;Classic;90;"Transcontinental Race"
"Future Fast";13;Classic;90;"Whirlwind Curve"
"Future Fast";14;Classic;90;"Canyon Launch"
"Future Fast";15;Classic;30;"Ghost Ships"
"Future Fast";16;Classic;90;"Capital of the World"
"German Wheels";1;Classic;30;Trainspotter
"German Wheels";2;Classic;30;"Roman Byroads"
"German Wheels";3;Classic;60;"Future Road"
"German Wheels";4;Classic;90;"Urban Blaze"
"German Wheels";5;Classic;60;"Bread and Circuses"
"German Wheels";6;Classic;60;"Time Travel"
"German Wheels";7;Classic;90;"The Eternal City"
"German Wheels";8;Classic;30;"Roman Tumble"
"German Wheels";9;Classic;60;"Tiber Cross"
"German Wheels";10;Hunted;120;"US Wilderness"
"German Wheels";11;Classic;90;"Nile River"
"German Wheels";12;Classic;90;"Tiber Stream"
"German Wheels";13;"Time Attack";90;Wildlands
"German Wheels";14;Classic;90;"Saint Peter Kickoff"
"German Wheels";15;Classic;120;"The Windmills"
Lotus;1;Classic;90;"Rush Minute"
Lotus;2;Classic;60;"The Enchanted Island"
Lotus;3;Hunted;120;"People Square Dash"
Lotus;4;Classic;30;"Gezira Island"
Lotus;5;Classic;60;Landslide
Lotus;6;Classic;90;"Tunnel Jam"
Lotus;7;Classic;60;"Reach for the Sky"
Lotus;8;"Time Attack";90;"Transcontinental Race"
Lotus;9;Classic;60;"City Dash"
Lotus;10;Classic;60;"Snow Vault"
Lotus;11;Classic;90;"Rush Minute"
Lotus;12;Classic;60;"Reach for the Sky"
Lotus;13;Classic;60;"The Enchanted Island"
Lotus;14;Hunted;120;"The Freedom Route"
Lotus;15;Classic;120;"Alternate Route"
Lotus;16;Classic;60;"Rolling Motorway"
Lotus;17;Classic;90;"Tunnel Jam"
Lotus;18;Classic;60;"Time Travel"
Lotus;19;Hunted;120;"The Land of Snow"
Lotus;20;Classic;120;"Bridge Finale"
Mercedes;1;Classic;90;"Pantheon Split"
Mercedes;2;Classic;90;"Downhill Run"
Mercedes;3;Classic;90;"Tunnel Jam"
Mercedes;4;Cops;90;"Pantheon Split"
Mercedes;5;Classic;90;"Ancient Rome"
Mercedes;6;Classic;90;"Cave Heat"
Mercedes;7;"Time Attack";90;Wildlands
Mercedes;8;Classic;90;"Rush Minute"
Mercedes;9;Classic;60;"Snow Vault"
Mercedes;10;Hunted;120;"People Square Dash"
Mercedes;11;Classic;120;"US Wilderness"
Mercedes;12;Cops;90;"Ancient Rome"
"Super Cars 1 - The Beginning";1;Classic;90;"Tiber Stream"
"Super Cars 1 - The Beginning";2;Classic;90;"Shen City"
"Super Cars 1 - The Beginning";3;"Time Attack";90;"Frozen Route"
"Super Cars 1 - The Beginning";4;Classic;90;"Dipping Down"
"Super Cars 1 - The Beginning";5;Classic;60;"Bread and Circuses"
"Super Cars 1 - The Beginning";6;Classic;60;"Future Road"
"Super Cars 1 - The Beginning";7;Classic;90;"Nile River"
"Super Cars 1 - The Beginning";8;Classic;90;"Capital of the World"
"Super Cars 1 - The Beginning";9;Classic;90;"Downtown Rise"
"Super Cars 1 - The Beginning";10;Classic;60;"Reach for the Sky"
"Super Cars 1 - The Beginning";11;"Time Attack";90;"The Pearl of the Orient"
"Super Cars 1 - The Beginning";12;Classic;120;"Bridge Finale"
"Super Cars 2 - Rising";1;Classic;90;"The Pearl of the Orient"
"Super Cars 2 - Rising";2;Classic;90;"Nanjing Stroll"
"Super Cars 2 - Rising";3;"Time Attack";90;"The Eternal City"
"Super Cars 2 - Rising";4;Classic;90;"Shen City"
"Super Cars 2 - Rising";5;Classic;90;"Pudong Rise"
"Super Cars 2 - Rising";6;Classic;90;"Ancient Ruins"
"Super Cars 2 - Rising";7;Classic;90;"Streets of San Francisco "
"Super Cars 2 - Rising";8;Classic;90;"Roller Coaster Ride"
"Super Cars 2 - Rising";9;Classic;90;"Downtown Rise"
"Super Cars 2 - Rising";10;Classic;90;"The City by the Bay"
"Super Cars 2 - Rising";11;Classic;90;"Dipping Down"
"Super Cars 2 - Rising";12;"Time Attack";90;"Saint Peter Kickoff"
"Super Cars 2 - Rising";13;Classic;90;"Nile River"
"Super Cars 2 - Rising";14;Classic;90;"Thousand Minarets"
"Super Cars 2 - Rising";15;Hunted;120;"The Land of Snow"
"Super Cars 2 - Rising";16;Classic;30;"Rocky Valley"
"Welcome to Paradise";1;Classic;30;"Resort Dash"
"Welcome to Paradise";2;Classic;60;"Hotel Road"
"Welcome to Paradise";3;Classic;90;"Beach Landing"
"Welcome to Paradise";4;Classic;30;"Hell Vale"
"Welcome to Paradise";5;Classic;90;"Paradise Resort"
"Welcome to Paradise";6;Classic;120;"Island Tour"
"British Beasts";1;Classic;60;"The Enchanted Island"
"British Beasts";2;Classic;90;"Ancient Ruins"
"British Beasts";3;Classic;30;"Ghost Ships"
"British Beasts";4;Classic;90;"The Path of The Wind"
"British Beasts";5;"Time Attack";90;Wildlands
"British Beasts";6;Classic;60;Lighthouse
"British Beasts";7;Classic;90;"The Cave"
"British Beasts";8;Classic;30;"Rocky Valley"
"British Beasts";9;Classic;90;Wildlands
"British Beasts";10;Classic;120;"The Freedom Route"
"Class A Novice";1;Classic;60;"Snow Vault"
"Class A Novice";2;Classic;90;"Capital of the World"
"Class A Novice";3;Classic;60;"Cairo Tower Finish"
"Class A Novice";4;Classic;90;"Dipping Down"
"Class A Novice";5;Classic;60;"Tiber Cross"
"Class A Novice";6;Classic;90;"Ancient Wonders"
"Class A Novice";7;Classic;90;"Mountain Poles"
"Class A Novice";8;Classic;60;"Future Road"
"Class A Novice";9;"Time Attack";90;"Roller Coaster Ride"
"Class A Novice";10;Classic;90;"Nile River"
"Class A Novice";11;Classic;90;"The Pearl of the Orient"
"Class A Novice";12;Classic;120;"Pharaoh Games"
"Class A Pro";1;Classic;90;"Thousand Minarets"
"Class A Pro";2;Classic;90;"Urban Blaze"
"Class A Pro";3;Classic;90;Cliffhanger
"Class A Pro";4;Classic;90;"Dipping Down"
"Class A Pro";5;Classic;90;"Ancient Wonders"
"Class A Pro";6;Classic;90;"Mountain Poles"
"Class A Pro";7;Classic;90;"Nile River"
"Class A Pro";8;"Time Attack";90;"Frozen Route"
"Class A Pro";9;Classic;60;"Subterranean Dash"
"Class A Pro";10;Classic;30;"Gezira Island"
"Class A Rookie";1;Classic;90;"Transcontinental Race"
"Class A Rookie";2;Classic;90;"Gold Rush"
"Class A Rookie";3;Classic;90;"The Pearl of the Orient"
"Class A Rookie";4;Classic;90;"Nanjing Stroll"
"Class A Rookie";5;Classic;90;"Shen City"
"Class A Rookie";6;Classic;90;"The Cave"
"Class A Rookie";7;Classic;90;"Ancient Ruins"
"Class A Rookie";8;Classic;30;"Ghost Ships"
"Class A Rookie";9;Hunted;120;"The Freedom Route"
"Class A Rookie";10;Classic;120;"The Windmills"
"Class B Elite";1;Classic;90;"Saint Peter Kickoff"
"Class B Elite";2;Hunted;120;"Complete Tour"
"Class B Elite";3;Classic;90;"The Pearl of the Orient"
"Class B Elite";4;Classic;90;"Nanjing Stroll"
"Class B Elite";5;Classic;30;"Paris of the East"
"Class B Elite";6;Classic;90;"Pudong Rise"
"Class B Elite";7;Classic;90;"Shen City"
"Class B Elite";8;Classic;90;Wildlands
"Class B Elite";9;Classic;90;"The Cave"
"Class B Elite";10;Classic;30;"Rocky Valley"
"Class B Elite";11;"Time Attack";90;"Whirlwind Curve"
"Class B Elite";12;Classic;90;"Ancient Ruins"
"Class B Pro";1;Classic;60;"Time Travel"
"Class B Pro";2;Classic;90;Cliffhanger
"Class B Pro";3;Hunted;120;"Scenic Route"
"Class B Pro";4;Classic;90;"Tiber Stream"
"Class B Pro";5;Classic;30;Freefall
"Class B Pro";6;Classic;30;"Railroad Bustle"
"Class B Pro";7;Classic;90;"Urban Blaze"
"Class B Pro";8;Classic;90;"Saint Peter Kickoff"
"Class B Pro";9;Classic;30;"Leap of Faith"
"Class B Pro";10;Classic;60;"Bread and Circuses"
"Class B Pro";11;Classic;90;"Nanjing Stroll"
"Class B Pro";12;Classic;120;"Bridge View"
"Class C Master";1;Classic;30;"Its a Twister"
"Class C Master";2;Classic;60;"Subterranean Dash"
"Class C Master";3;Classic;90;"Dipping Down"
"Class C Master";4;Classic;60;"Rolling Motorway"
"Class C Master";5;Classic;90;"Thousand Minarets"
"Class C Master";6;"Time Attack";90;"Transcontinental Race"
"Class C Master";7;Classic;90;"Whirlwind Curve"
"Class C Master";8;Classic;90;"Mountain Poles"
"Class C Master";9;Classic;60;"Reach for the Sky"
"Class C Master";10;Classic;90;"Ancient Wonders"
"Class C Master";11;Classic;60;"Snow Vault"
"Class C Master";12;Classic;120;"Bridge Finale"
"Electric Season";1;Classic;90;"Beach Landing"
"Electric Season";2;Classic;90;"Quantum Jumps"
"Electric Season";3;Classic;90;"Straights & Hairpins"
"Electric Season";4;Hunted;120;"People Square Dash"
"Electric Season";5;Classic;30;Trainspotter
"Electric Season";6;Classic;60;"Sakura Castle"
"Electric Season";7;Classic;90;"Straight Sprint"
"Electric Season";8;Classic;120;"Scenic Route"
"Electric Season";9;Classic;90;"Ancient Rome"
"Electric Season";10;Classic;30;"Leap of Faith"
"Electric Season";11;Classic;120;"The Narrows"
Escapes;1;Hunted;120;"Complete Tour"
Escapes;2;Hunted;120;"The Land of Snow"
Escapes;3;Hunted;120;"Scenic Route"
Escapes;4;Hunted;120;"The Freedom Route"
Escapes;5;Hunted;120;"People Square Dash"
Escapes;6;Hunted;120;"Bridge Finale"
Escapes;7;Hunted;120;"US Wilderness"
"Euro Show Down";1;Classic;90;"The Eternal City"
"Euro Show Down";2;Classic;90;"Tiber Stream"
"Euro Show Down";3;Classic;90;"Saint Peter Kickoff"
"Euro Show Down";4;Classic;90;"Capital of the World"
"Euro Show Down";5;Classic;120;"Complete Tour"
"Euro Show Down";6;Classic;60;"Tiber Cross"
"Euro Show Down";7;Classic;30;"Roman Byroads"
"Euro Show Down";8;Hunted;120;"The Freedom Route"
"Euro Show Down";9;Classic;90;"The Path of The Wind"
"Euro Show Down";10;Classic;30;"Roman Tumble"
"Euro Show Down";11;Classic;90;"The Cave"
"Euro Show Down";12;"Time Attack";90;"The Eternal City"
"Euro Show Down";13;Classic;60;Lighthouse
"Euro Show Down";14;Classic;60;"The Enchanted Island"
"Euro Show Down";15;Classic;30;"Ghost Ships"
"Exotic Beasts";1;Classic;30;Freefall
"Exotic Beasts";2;Classic;30;"Roman Byroads"
"Exotic Beasts";3;Hunted;120;"US Wilderness"
"Exotic Beasts";4;Classic;90;"Roller Coaster Ride"
"Exotic Beasts";5;Classic;60;"Snow Vault"
"Exotic Beasts";6;Classic;60;"Cairo Tower Finish"
"Exotic Beasts";7;Classic;90;"Shen City"
"Exotic Beasts";8;Classic;60;"Tiber Cross"
"Exotic Beasts";9;"Time Attack";90;Cliffhanger
"Exotic Beasts";10;Classic;90;"Nile River"
"Exotic Beasts";11;Classic;90;"Capital of the World"
"Exotic Beasts";12;Classic;120;"Asphalt Cave"
"Exotic Beasts";13;Classic;30;"Roman Tumble"
"Exotic Beasts";14;Classic;30;"Leap of Faith"
"Exotic Beasts";15;Classic;90;"Streets of San Francisco "
"Exotic Beasts";16;Classic;90;"Mountain Poles"
"Exotic Beasts";17;Classic;120;"The Freedom Route"
"Exotic Beasts";18;Classic;90;"The Pearl of the Orient"
"Italian Ride";1;Classic;30;"Roman Byroads"
"Italian Ride";2;Classic;30;"Roman Tumble"
"Italian Ride";3;Classic;90;"The Eternal City"
"Italian Ride";4;Classic;120;"Complete Tour"
"Italian Ride";5;Hunted;120;"Complete Tour"
"Italian Ride";6;Classic;90;"Saint Peter Kickoff"
"Italian Ride";7;Classic;60;"Tiber Cross"
"Italian Ride";8;Classic;30;"Roman Tumble"
"Italian Ride";9;Classic;90;"Capital of the World"
"Italian Ride";10;Classic;90;"The Eternal City"
"Italian Ride";11;Classic;90;"Saint Peter Kickoff"
"Italian Ride";12;Classic;30;"Roman Byroads"
"Italian Ride";13;Classic;90;"Tiber Stream"
"Italian Ride";14;Classic;60;"Bread and Circuses"
"Italian Ride";15;Classic;60;"Tiber Cross"
"Italian Ride";16;Classic;120;"Alternate Route"
"Italian Season";1;Classic;90;"The Eternal City"
"Italian Season";2;Classic;90;"Urban Blaze"
"Italian Season";3;Classic;90;"Nile River"
"Italian Season";4;Classic;90;"Saint Peter Kickoff"
"Italian Season";5;Classic;90;"Capital of the World"
"Italian Season";6;Classic;90;"Ancient Rome"
"Italian Season";7;Hunted;120;All-Inclusive
"Italian Season";8;Classic;120;"Scenic Route"
"Italian Season";9;Classic;60;"Hotel Road"
"Italian Season";10;Classic;120;"Alternate Route"
"Italian Season";11;Hunted;90;"Saint Peter Kickoff"
"Italian Season";12;"Time Attack";90;"Saint Peter Kickoff"
"Italian Season";13;Classic;60;"Subterranean Dash"
"Italian Season";14;Classic;30;"Resort Dash"
"Italian Season";15;Classic;90;"Patheon Split"
"Italian Season";16;Classic;120;"Complete Tour"
"Land Of The Racing Sun";1;Classic;60;"City Dash"
"Land Of The Racing Sun";2;Classic;60;Lighthouse
"Land Of The Racing Sun";3;Classic;90;"Pudong Rise"
"Land Of The Racing Sun";4;Classic;30;"Roman Byroads"
"Land Of The Racing Sun";5;Classic;30;"Roman Tumble"
"Land Of The Racing Sun";6;"Time Attack";90;"Nanjing Stroll"
"Land Of The Racing Sun";7;Classic;30;Trainspotter
"Land Of The Racing Sun";8;Classic;90;"Streets of San Francisco "
"Land Of The Racing Sun";9;Hunted;120;"People Square Dash"
"Land Of The Racing Sun";10;Classic;30;"A Kings Revival"
"Land Of The Racing Sun";11;Classic;60;Waterside
"Land Of The Racing Sun";12;Classic;120;"Complete Tour"
Porsche;1;Classic;90;"Canyon Launch"
Porsche;2;Classic;90;"Whirlwind Curve"
Porsche;3;Classic;90;"Gold Rush"
Porsche;4;Classic;90;"Transcontinental Race"
Porsche;5;Classic;120;"Navajo Nation"
Porsche;6;Classic;90;"The City by the Bay"
Porsche;7;Classic;90;"Downtown Rise"
Porsche;8;"Time Attack";90;"Saint Peter Kickoff"
Porsche;9;Classic;90;"Streets of San Francisco "
Porsche;10;Classic;120;"Bridge View"
Porsche;11;Classic;90;"Pudong Rise"
Porsche;12;Classic;90;"Shen City"
Porsche;13;Classic;90;"Nanjing Stroll"
Porsche;14;Classic;90;"The Pearl of the Orient"
Porsche;15;Classic;120;"People Square Dash"
"Sun Racers";1;Classic;90;"Pier Pressure"
"Sun Racers";2;Classic;30;"Islet Race"
"Sun Racers";3;Cops;90;"Thundering Start"
"Sun Racers";4;Classic;30;"Hell Vale"
"Sun Racers";5;Classic;30;"Islet Race"
"Sun Racers";6;Hunted;120;All-Inclusive
"Sun Racers";7;Classic;90;"Thundering Start"
"Sun Racers";8;Cops;60;"Hotel Road"
"Sun Racers";9;Classic;30;"Resort Dash"
"Sun Racers";10;Classic;90;"Beach Landing"
"Sun Racers";11;Classic;90;"Paradise Resort"
"Sun Racers";12;Classic;60;"Hotel Road"
"Sun Racers";13;"Time Attack";90;"Beach Landing"
"Sun Racers";14;Classic;30;"Hell Vale"
"Sun Racers";15;Classic;120;All-Inclusive
"Ultimate Experience";1;Classic;30;"The Tunnel"
"Ultimate Experience";2;Classic;60;"Bread and Circuses"
"Ultimate Experience";3;Classic;90;"The Path of The Wind"
"Ultimate Experience";4;Classic;90;"Urban Blaze"
"Ultimate Experience";5;Classic;30;"Meiji Rush"
"Ultimate Experience";6;Classic;90;"The City by the Bay"
"Ultimate Experience";7;Classic;90;"Saint Peter Kickoff"
"Ultimate Experience";8;Classic;120;"Shopping Spree"
"Ultimate Experience";9;Classic;30;"Its a Twister"
"Ultimate Experience";10;Classic;60;"Hotel Road"
"Ultimate Experience";11;Classic;120;"Scenic Route"
"Ultimate Experience";12;Classic;90;Cliffhanger
"Ultimate Experience";13;Classic;90;"Ancient Ruins"
"Ultimate Experience";14;Classic;90;"Industrial Revolution"
"Ultimate Experience";15;Classic;90;"Pudong Rise"
"Urban Outcast";1;Classic;90;"Ancient Wonders"
"Urban Outcast";2;Hunted;120;"Scenic Route"
"Urban Outcast";3;Classic;90;"The City by the Bay"
"Urban Outcast";4;Hunted;120;"Bridge Finale"
"Urban Outcast";5;Classic;90;"Pudong Rise"
"Urban Outcast";6;Hunted;120;"People Square Dash"
"Urban Outcast";7;Classic;90;"Tiber Stream"
"Urban Outcast";8;Hunted;120;"Complete Tour"
"Asphalt Hyper Machines";1;Classic;30;"Double Roundabout"
"Asphalt Hyper Machines";2;Classic;30;"Paris of the East"
"Asphalt Hyper Machines";3;"Time Attack";90;"Whirlwind Curve"
"Asphalt Hyper Machines";4;Classic;90;"The City by the Bay"
"Asphalt Hyper Machines";5;Classic;60;Landslide
"Asphalt Hyper Machines";6;Classic;30;"Roman Byroads"
"Asphalt Hyper Machines";7;Classic;90;"Frozen Route"
"Asphalt Hyper Machines";8;Classic;120;"The Windmills"
"Asphalt Hyper Machines";9;Classic;60;"Snow Vault"
"Asphalt Hyper Machines";10;Classic;30;"Railroad Bustle"
"Asphalt Hyper Machines";11;Classic;60;"Bread and Circuses"
"Asphalt Hyper Machines";12;Classic;90;Wildlands
"Class A Elite";1;Classic;60;"Subterranean Dash"
"Class A Elite";2;Classic;60;"Cairo Tower Finish"
"Class A Elite";3;Classic;90;Cliffhanger
"Class A Elite";4;Classic;90;"Downtown Rise"
"Class A Elite";5;Classic;30;"Its a Twister"
"Class A Elite";6;Classic;90;"The Eternal City"
"Class A Elite";7;Classic;30;"Leap of Faith"
"Class A Elite";8;Classic;90;"Pudong Rise"
"Class A Elite";9;Classic;30;Trainspotter
"Class A Elite";10;Classic;90;"Nile River"
"Class A Elite";11;Classic;30;"Railroad Bustle"
"Class A Elite";12;Classic;30;Freefall
"Class A Elite";13;Hunted;120;"Scenic Route"
"Class A Elite";14;Classic;90;"The Cave"
"Class A Master";1;Classic;60;"Future Road"
"Class A Master";2;Classic;90;"Urban Blaze"
"Class A Master";3;Classic;30;"Leap of Faith"
"Class A Master";4;Classic;90;"The Path of The Wind"
"Class A Master";5;Classic;90;"The Pearl of the Orient"
"Class A Master";6;Classic;90;"Transcontinental Race"
"Class A Master";7;Classic;90;"Shen City"
"Class A Master";8;Classic;90;"Frozen Route"
"Class A Master";9;"Time Attack";90;"Roller Coaster Ride"
"Class A Master";10;Classic;90;"Gold Rush"
"Class A Master";11;Classic;90;"Capital of the World"
"Class A Master";12;Classic;90;"Canyon Launch"
"Class B Master";1;Classic;30;"Its a Twister"
"Class B Master";2;Classic;60;"The Enchanted Island"
"Class B Master";3;Classic;60;"Reach for the Sky"
"Class B Master";4;Classic;90;Cliffhanger
"Class B Master";5;Classic;90;"Tiber Stream"
"Class B Master";6;Classic;60;"City Dash"
"Class B Master";7;Hunted;120;"Bridge Finale"
"Class B Master";8;Classic;90;"Nanjing Stroll"
"Class B Master";9;Classic;90;"Ancient Wonders"
"Class B Master";10;Classic;90;"Mountain Poles"
"Class B Master";11;Classic;30;"Ghost Ships"
"Class B Master";12;Classic;30;"Leap of Faith"
"Class B Master";13;Classic;90;"Gold Rush"
"Class B Master";14;Classic;120;"Shopping Spree"
"Class S Elite";1;Classic;90;"Urban Blaze"
"Class S Elite";2;Classic;90;"The Path of The Wind"
"Class S Elite";3;Classic;90;"Nile River"
"Class S Elite";4;Classic;90;"Tiber Stream"
"Class S Elite";5;Hunted;120;"Bridge Finale"
"Class S Elite";6;Classic;60;"Cairo Tower Finish"
"Class S Elite";7;Classic;120;"Pharaoh Games"
"Class S Elite";8;Classic;60;"Subterranean Dash"
"Class S Elite";9;Classic;30;"Leap of Faith"
"Class S Novice";1;Classic;60;Landslide
"Class S Novice";2;Classic;90;"The Eternal City"
"Class S Novice";3;"Time Attack";90;"Roller Coaster Ride"
"Class S Novice";4;Classic;90;"Pudong Rise"
"Class S Novice";5;Classic;30;"Roman Byroads"
"Class S Novice";6;Classic;30;"Roman Tumble"
"Class S Novice";7;Classic;90;"Urban Blaze"
"Class S Novice";8;Classic;90;"Mountain Poles"
"Class S Novice";9;Classic;120;"Scenic Route"
"Class S Novice";10;Classic;90;"Shen City"
"Class S Novice";11;Classic;30;Freefall
"Class S Novice";12;Classic;90;"Gold Rush"
"Class S Pro";1;Classic;90;"Urban Blaze"
"Class S Pro";2;"Time Attack";90;"Transcontinental Race"
"Class S Pro";3;Classic;120;"Pharaoh Games"
"Class S Pro";4;Classic;120;"Bridge View"
"Class S Pro";5;Classic;30;"A Kings Revival"
"Class S Pro";6;Classic;90;"Ancient Ruins"
"Class S Pro";7;Classic;90;"Dipping Down"
"Class S Pro";8;Hunted;120;"The Freedom Route"
"Class S Pro";9;Classic;90;"Streets of San Francisco "
"Class S Pro";10;Classic;30;"Ghost Ships"
"Class S Rookie";1;Classic;90;"Frozen Route"
"Class S Rookie";2;Classic;90;"Ancient Wonders"
"Class S Rookie";3;Classic;60;"Snow Vault"
"Class S Rookie";4;Classic;90;"Nanjing Stroll"
"Class S Rookie";5;Classic;30;"Gezira Island"
"Class S Rookie";6;Classic;30;"A Kings Revival"
"Class S Rookie";7;Classic;120;"Alternate Route"
"Class S Rookie";8;Classic;90;"The Pearl of the Orient"
"Class S Rookie";9;"Time Attack";90;"Thousand Minarets"
"Class S Rookie";10;Classic;60;"Tiber Cross"
"Class S Rookie";11;Classic;60;"Time Travel"
"Class S Rookie";12;Classic;120;"The Land of Snow"
"Ferrari 1";2;Classic;90;"Paradise Resort"
"Ferrari 1";3;Cops;90;"Tiber Stream"
"Ferrari 1";4;Classic;90;"Moat Finale"
"Ferrari 1";5;Classic;90;"Capital of the World"
"Ferrari 1";6;Hunted;120;"Complete Tour"
"Ferrari 1";7;Classic;90;"Mountain Poles"
"Ferrari 1";8;Classic;60;"Tiber Cross"
"Ferrari 1";9;Classic;90;"Transcontinental Race"
"Ferrari 1";10;Classic;90;"Patheon Split"
"Hybrid Ace";1;Classic;60;"Snow Vault"
"Hybrid Ace";2;Classic;90;Cliffhanger
"Hybrid Ace";3;Classic;90;"The Eternal City"
"Hybrid Ace";4;Classic;30;Trainspotter
"Hybrid Ace";5;Classic;60;"Bread and Circuses"
"Hybrid Ace";6;Classic;90;"Pudong Rise"
"Hybrid Ace";7;Classic;60;"The Enchanted Island"
"Hybrid Ace";8;Classic;60;Lighthouse
"Hybrid Ace";9;Classic;90;"Tiber Stream"
"Hybrid Ace";10;Classic;60;"City Dash"
"Hybrid Ace";11;Classic;60;"Future Road"
"Hybrid Ace";12;Hunted;120;"Bridge Finale"
"Hybrid Ace";13;Classic;90;Wildlands
"Hybrid Ace";14;Classic;30;Freefall
"Hybrid Ace";15;Classic;120;"The Land of Snow"
Lamborghini;1;Classic;60;"Rolling Motorway"
Lamborghini;2;Classic;30;"Railroad Bustle"
Lamborghini;3;Classic;60;Landslide
Lamborghini;4;Classic;30;"Gezira Island"
Lamborghini;5;Classic;30;"A Kings Revival"
Lamborghini;6;Classic;90;"Frozen Route"
Lamborghini;7;"Time Attack";90;"The Pearl of the Orient"
Lamborghini;8;Classic;120;"People Square Dash"
Lamborghini;9;Classic;30;"Roman Tumble"
Lamborghini;10;Classic;30;"Rocky Valley"
Lamborghini;11;Classic;60;"Subterranean Dash"
Lamborghini;12;Classic;60;"Cairo Tower Finish"
Lamborghini;13;Classic;30;"Double Roundabout"
Lamborghini;14;Classic;60;"Time Travel"
Lamborghini;15;Classic;120;"Asphalt Cave"
McLaren;1;Classic;90;"Downhill Run"
McLaren;2;Classic;30;"Gezira Island"
McLaren;3;Classic;90;"Tunnel Jam"
McLaren;4;Classic;60;Landslide
McLaren;5;Hunted;120;"US Wilderness"
McLaren;6;Classic;90;"Cave Heat"
McLaren;7;Classic;90;"Rush Minute"
McLaren;8;Classic;30;"Rocky Valley"
McLaren;9;Classic;90;"Rush Minute"
McLaren;10;Classic;60;"Subterranean Dash"
McLaren;11;Classic;120;"The Land of Snow"
McLaren;12;Classic;90;"Downhill Run"
McLaren;13;Classic;120;"Bridge Finale"
McLaren;14;Hunted;120;"Complete Tour"
McLaren;15;Classic;90;"Tunnel Jam"
McLaren;16;Classic;30;"Its a Twister"
McLaren;17;Classic;90;"Cave Heat"
McLaren;18;Classic;60;"Reach for the Sky"
McLaren;19;Classic;90;"Frozen Route"
McLaren;20;Classic;90;"The Cave"
"Roadtrips Interrupted";1;Classic;90;"The Cave"
"Roadtrips Interrupted";2;Hunted;120;"The Freedom Route"
"Roadtrips Interrupted";3;Classic;90;"Dipping Down"
"Roadtrips Interrupted";4;Hunted;120;"The Land of Snow"
"Roadtrips Interrupted";5;Classic;90;"Gold Rush"
"Roadtrips Interrupted";6;Hunted;120;"US Wilderness"
"Super Cars 3 - Return To Ride";1;Classic;60;"Time Travel"
"Super Cars 3 - Return To Ride";2;Classic;60;"Rolling Motorway"
"Super Cars 3 - Return To Ride";3;Classic;30;"Double Roundabout"
"Super Cars 3 - Return To Ride";4;Classic;30;"Paris of the East"
"Super Cars 3 - Return To Ride";5;Classic;120;"Shopping Spree"
"Super Cars 3 - Return To Ride";6;Classic;90;"Streets of San Francisco "
"Super Cars 3 - Return To Ride";7;Classic;90;"Roller Coaster Ride"
"Super Cars 3 - Return To Ride";8;Classic;90;"Downtown Rise"
"Super Cars 3 - Return To Ride";9;Classic;60;"Bread and Circuses"
"Super Cars 3 - Return To Ride";10;Classic;30;"Roman Tumble"
"Super Cars 3 - Return To Ride";11;"Time Attack";90;"Thousand Minarets"
"Super Cars 3 - Return To Ride";12;Classic;90;"Dipping Down"
"Super Cars 3 - Return To Ride";13;Classic;120;"Asphalt Cave"
"Tradition Meets Future";1;Classic;30;"Namba Park"
"Tradition Meets Future";2;Classic;90;"Moat Finale"
"Tradition Meets Future";3;Cops;90;"Budding Start"
"Tradition Meets Future";4;Classic;30;"Meiji Rush"
"Tradition Meets Future";5;Classic;60;"Rat Race"
"Tradition Meets Future";6;Hunted;120;"Large Hill"
"Tradition Meets Future";7;Classic;90;"Industrial Revolution"
"Tradition Meets Future";8;Classic;60;"Sakura Castle"
"Tradition Meets Future";9;Classic;90;"Naniwa Tour"
"Tradition Meets Future";10;Cops;120;"Welcome to Osaka"
"W Motors";1;Classic;90;"The City by the Bay"
"W Motors";2;Classic;90;"The Path of The Wind"
"W Motors";3;Classic;90;"Roller Coaster Ride"
"W Motors";4;Classic;90;"Frozen Route"
"W Motors";5;Classic;120;"People Square Dash"
"W Motors";6;Classic;30;"Railroad Bustle"
"W Motors";7;Classic;90;"Canyon Launch"
"W Motors";8;Classic;90;"Nile River"
"W Motors";9;Classic;90;"Gold Rush"
"W Motors";10;"Time Attack";90;"Saint Peter Kickoff"
"W Motors";11;Classic;30;Trainspotter
"W Motors";12;Classic;30;"Rocky Valley"
"W Motors";13;Classic;60;"Time Travel"
"American Autos";1;Classic;90;"Transcontinental Race"
"American Autos";2;Classic;90;"Roller Coaster Ride"
"American Autos";3;Classic;90;"Whirlwind Curve"
"American Autos";4;"Time Attack";90;"Downtown Rise"
"American Autos";5;Classic;120;"US Wilderness"
"American Autos";6;Classic;90;"Streets of San Francisco "
"American Autos";7;Classic;90;"Gold Rush"
"American Autos";8;Classic;90;"Downtown Rise"
"American Autos";9;Classic;90;"Canyon Launch"
"American Autos";10;Classic;120;"Bridge Finale"
"American Autos";11;Classic;30;"Its a Twister"
"American Autos";12;Classic;120;"Bridge View"
"American Autos";13;Classic;30;Trainspotter
"American Autos";14;Classic;120;"Navajo Nation"
"American Autos";15;Classic;30;"Railroad Bustle"
"American Autos";16;Classic;30;"The Tunnel"
"American Autos";17;Classic;90;"Mountain Poles"
"American Autos";18;Classic;90;"Pudong Rise"
"American Autos";19;Classic;90;Cliffhanger
"American Autos";20;Classic;90;"Ancient Ruins"
"Bring the Heat";1;Classic;90;"Fire & Ice"
"Bring the Heat";2;Classic;90;"Volcano Run"
"Bring the Heat";3;Classic;90;"Ice Road Circuit"
"Bring the Heat";4;Classic;90;"Slippery when Icy"
"Bring the Heat";5;Classic;90;"Icy Loop"
"Bring the Heat";6;Classic;90;"Coastal Ice"
"Bring the Heat";7;Classic;90;"Ice Road Circuit"
"Bring the Heat";8;Classic;120;"Coastal Loop"
"Bring the Heat";9;Classic;120;"Icebergs & Lava"
"British Tour";1;Classic;90;"Football & Politics"
"British Tour";2;Classic;90;"Big Passions"
"British Tour";3;Classic;90;"Harbor Run"
"British Tour";4;Classic;90;"Purple Boulevard"
"British Tour";5;Classic;90;"Stadium Lap"
"British Tour";6;Classic;90;"Through the Park"
"British Tour";7;Classic;90;"New City"
"British Tour";8;Classic;90;"Old City"
"British Tour";9;Classic;90;"Crosstown Rivals"
"Class S Master";1;Classic;90;"Thousand Minarets"
"Class S Master";2;Classic;90;"Gold Rush"
"Class S Master";3;Classic;90;"Urban Blaze"
"Class S Master";4;Classic;90;"Capital of the World"
"Class S Master";5;Classic;120;"Pharaoh Games"
"Class S Master";6;Classic;90;Cliffhanger
"Class S Master";7;Classic;90;"The Path of The Wind"
"Class S Master";8;Hunted;120;"The Land of Snow"
"Class S Master";9;Classic;90;"Streets of San Francisco "
"Class S Master";10;Classic;120;"Asphalt Cave"
"Euro Motors";1;Classic;90;"Ancient Ruins"
"Euro Motors";2;Classic;90;"Urban Blaze"
"Euro Motors";3;Classic;90;"The Cave"
"Euro Motors";4;"Time Attack";90;"Downtown Rise"
"Euro Motors";5;Classic;120;"Shopping Spree"
"Euro Motors";6;Classic;30;"Rocky Valley"
"Euro Motors";7;Classic;60;"Reach for the Sky"
"Euro Motors";8;Classic;90;"The Eternal City"
"Euro Motors";9;Classic;90;"Whirlwind Curve"
"Euro Motors";10;Classic;90;"Saint Peter Kickoff"
"Euro Motors";11;Classic;90;Wildlands
"Euro Motors";12;Classic;120;"Alternate Route"
"Euro Motors";13;Classic;30;"The Tunnel"
"Euro Motors";14;Classic;60;"Tiber Cross"
"Euro Motors";15;Classic;30;"A Kings Revival"
"Ferrari 2";1;Classic;30;"Gezira Island"
"Ferrari 2";1;"Time Attack";90;"The Enchanted Island"
"Ferrari 2";2;Classic;30;"Double Roundabout"
"Ferrari 2";3;Classic;60;Landslide
"Ferrari 2";4;Classic;90;"Nile River"
"Ferrari 2";5;Classic;30;"Railroad Bustle"
"Ferrari 2";6;"Time Attack";90;"Nanjing Stroll"
"Ferrari 2";7;Classic;90;Cliffhanger
"Ferrari 2";8;Classic;60;"Bread and Circuses"
"Ferrari 2";9;Classic;60;"Cairo Tower Finish"
"Ferrari 2";10;Hunted;120;"People Square Dash"
"Ferrari 2";11;Classic;90;"Urban Blaze"
"Ferrari 2";12;Classic;120;"People Square Dash"
"French Connection";1;Classic;90;"Cave Heat"
"French Connection";2;Classic;90;"Tunnel Jam"
"French Connection";3;Classic;120;"Scenic Route"
"French Connection";4;Classic;60;Landslide
"French Connection";5;Classic;30;"The Tunnel"
"French Connection";6;Classic;60;"Gezira Island"
"French Connection";7;Cops;60;Waterside
"French Connection";8;Classic;60;"Future Road"
"French Connection";9;Classic;60;"Reach for the Sky"
"French Connection";10;Classic;90;"Downhill Run"
"French Connection";11;Cops;90;"Cave Heat"
"French Connection";12;Classic;90;"Tiber Stream"
"French Connection";13;Classic;90;"Mountain Poles"
"French Connection";14;Classic;60;Lighthouse
"French Connection";15;Classic;90;"Shen City"
"French Connection";16;Classic;90;"Thousand Minarets"
"French Connection";17;Classic;120;"US Wilderness"
"French Connection";18;Classic;60;"Tiber Cross"
"French Connection";19;Classic;90;"Frozen Route"
"French Connection";20;Classic;90;"Mountain Poles"
"French Connection";21;Classic;60;"Rolling Motorway"
"French Connection";22;Classic;90;"The Path of The Wind"
"French Connection";23;Classic;60;"Subterranean Dash"
"French Connection";24;Classic;90;"Shen City"
"French Connection";25;Classic;120;"Alternate Route"
"Hyper Roam";1;Classic;90;"Streets of San Francisco "
"Hyper Roam";2;Classic;90;"The Cave"
"Hyper Roam";3;Classic;90;"Downtown Rise"
"Hyper Roam";4;Classic;90;"Thousand Minarets"
"Hyper Roam";5;Classic;30;"Railroad Bustle"
"Hyper Roam";6;Classic;90;"Mountain Poles"
"Hyper Roam";7;Classic;90;"Capital of the World"
"Hyper Roam";8;Classic;90;Cliffhanger
"Hyper Roam";9;Classic;90;"Urban Blaze"
"Hyper Roam";10;Classic;30;Freefall
"Hyper Roam";11;"Time Attack";90;"Ancient Wonders"
"Hyper Roam";12;Classic;90;"Nanjing Stroll"
"Hyper Roam";13;Classic;120;"Scenic Route"
"New Breed Rivals";1;Classic;90;"Saint Peter Kickoff"
"New Breed Rivals";2;"Time Attack";90;"Thousand Minarets"
"New Breed Rivals";3;Classic;90;"Auckland Track"
"New Breed Rivals";4;Classic;90;"The Path of The Wind"
"New Breed Rivals";5;Classic;90;"Transcontinental Race"
"New Breed Rivals";6;Classic;90;"Subway Surfing"
"New Breed Rivals";7;"Time Attack";90;"Frozen Route"
"New Breed Rivals";8;Classic;90;"Pudong Rise"
"New Breed Rivals";9;Classic;90;"Moat Finale"
"Raging Bull";1;Classic;90;"The Eternal City"
"Raging Bull";2;Classic;90;"Tiber Stream"
"Raging Bull";3;Classic;90;"Saint Peter Kickoff"
"Raging Bull";4;Classic;90;"Capital of the World"
"Raging Bull";5;Classic;90;"Patheon Split"
"Raging Bull";6;Classic;90;"Ancient Rome"
"Raging Bull";7;Classic;90;"The Path of The Wind"
"Raging Bull";8;Classic;90;Wildlands
"Raging Bull";9;Classic;90;"Ancient Ruins"
"Raging Bull";10;Classic;90;Uptown
"Raging Bull";11;Classic;90;"The City that Never Sleeps"
"Raging Bull";12;Classic;90;"Leaps & Bounds"
"Raging Bull";13;Classic;90;"Quantum Jumps"
"Raging Bull";14;Classic;90;"Subway Surfing"
"Raging Bull";15;Classic;90;Airdropped
"Raging Bull";16;Classic;90;"Pudong Rise"
"Raging Bull";17;Classic;90;"Shen City"
"Raging Bull";18;Classic;90;"The Pearl of the Orient"
